Workbook

Sheet 2017
A1: Number | B1: Day | C1: Steps | D1: Difference
A2: 1 | B2: 13.7.2017 | C2: 91 | F2: July | J2: July
A3: 2 | B3: 14.7.2017 | C3: 2515 | D3: =Table1[[#This Row],[Steps]]-C2 -> 2424
A4: 3 | B4: 15.7.2017 | C4: 6800 | D4: =Table1[[#This Row],[Steps]]-C3 -> 4285 | F4: Mean | G4: 2823.6316 | J4: Mean | K4: 2823.6316
A5: 4 | B5: 16.7.2017 | C5: 358 | D5: =Table1[[#This Row],[Steps]]-C4 -> -6442 | F5: Standard Error | G5: 822.12139 | J5: Standard Error | K5: 822.12139
A6: 5 | B6: 17.7.2017 | C6: 170 | D6: =Table1[[#This Row],[Steps]]-C5 -> -188 | F6: Median | G6: 1968 | J6: Median | K6: 1968
A7: 6 | B7: 18.7.2017 | C7: 193 | D7: =Table1[[#This Row],[Steps]]-C6 -> 23 | F7: Mode | G7: =#N/A -> #N/A | J7: Mode | K7: =#N/A -> #N/A
A8: 7 | B8: 19.7.2017 | C8: 1968 | D8: =Table1[[#This Row],[Steps]]-C7 -> 1775 | F8: Standard Deviation | G8: 3583.544 | J8: Standard Deviation | K8: 3583.544
A9: 8 | B9: 20.7.2017 | C9: 2709 | D9: =Table1[[#This Row],[Steps]]-C8 -> 741 | F9: Sample Variance | G9: 12841788 | J9: Sample Variance | K9: 12841788
A10: 9 | B10: 21.7.2017 | C10: 8200 | D10: =Table1[[#This Row],[Steps]]-C9 -> 5491 | F10: Kurtosis | G10: 4.5301972 | J10: Kurtosis | K10: 4.5301972
A11: 10 | B11: 22.7.2017 | C11: 2934 | D11: =Table1[[#This Row],[Steps]]-C10 -> -5266 | F11: Skewness | G11: 2.0349485 | J11: Skewness | K11: 2.0349485
A12: 11 | B12: 23.7.2017 | C12: 1773 | D12: =Table1[[#This Row],[Steps]]-C11 -> -1161 | F12: Range | G12: 13935 | J12: Range | K12: 13935
A13: 12 | B13: 24.7.2017 | C13: 530 | D13: =Table1[[#This Row],[Steps]]-C12 -> -1243 | F13: Minimum | G13: 91 | J13: Minimum | K13: 91
A14: 13 | B14: 25.7.2017 | C14: 2967 | D14: =Table1[[#This Row],[Steps]]-C13 -> 2437 | F14: Maximum | G14: 14026 | J14: Maximum | K14: 14026
A15: 14 | B15: 26.7.2017 | C15: 1989 | D15: =Table1[[#This Row],[Steps]]-C14 -> -978 | F15: Sum | G15: 53649 | J15: Sum | K15: 53649
A16: 15 | B16: 27.7.2017 | C16: 522 | D16: =Table1[[#This Row],[Steps]]-C15 -> -1467 | F16: Count | G16: 19 | J16: Count | K16: 19
A17: 16 | B17: 28.7.2017 | C17: 14026 | D17: =Table1[[#This Row],[Steps]]-C16 -> 13504 | F17: Largest(1) | G17: 14026 | J17: Largest(1) | K17: 14026
A18: 17 | B18: 29.7.2017 | C18: 179 | D18: =Table1[[#This Row],[Steps]]-C17 -> -13847 | F18: Smallest(1) | G18: 91 | J18: Smallest(1) | K18: 91
A19: 18 | B19: 30.7.2017 | C19: 293 | D19: =Table1[[#This Row],[Steps]]-C18 -> 114 | F19: Confidence Level(95.0%) | G19: 1727.2129 | J19: Confidence Level(95.0%) | K19: 1727.2129
A20: 19 | B20: 31.7.2017 | C20: 5432 | D20: =Table1[[#This Row],[Steps]]-C19 -> 5139
A21: 1 | B21: 1.8.2017 | C21: 2696 | D21: =Table1[[#This Row],[Steps]]-C20 -> -2736 | F21: August | J21: July-August
A22: 2 | B22: 2.8.2017 | C22: 1796 | D22: =Table1[[#This Row],[Steps]]-C21 -> -900
A23: 3 | B23: 3.8.2017 | C23: 575 | D23: =Table1[[#This Row],[Steps]]-C22 -> -1221 | F23: Mean | G23: 3571.5806 | J23: Mean | K23: 3287.36
A24: 4 | B24: 4.8.2017 | C24: 294 | D24: =Table1[[#This Row],[Steps]]-C23 -> -281 | F24: Standard Error | G24: 970.17444 | J24: Standard Error | K24: 674.03567
A25: 5 | B25: 5.8.2017 | C25: 12975 | D25: =Table1[[#This Row],[Steps]]-C24 -> 12681 | F25: Median | G25: 1475 | J25: Median | K25: 1784.5
A26: 6 | B26: 6.8.2017 | C26: 2238 | D26: =Table1[[#This Row],[Steps]]-C25 -> -10737 | F26: Mode | G26: 0 | J26: Mode | K26: 0
A27: 7 | B27: 7.8.2017 | C27: 6760 | D27: =Table1[[#This Row],[Steps]]-C26 -> 4522 | F27: Standard Deviation | G27: 5401.7027 | J27: Standard Deviation | K27: 4766.1519
A28: 8 | B28: 8.8.2017 | C28: 21 | D28: =Table1[[#This Row],[Steps]]-C27 -> -6739 | F28: Sample Variance | G28: 29178392 | J28: Sample Variance | K28: 22716204
A29: 9 | B29: 9.8.2017 | C29: 0 | D29: =Table1[[#This Row],[Steps]]-C28 -> -21 | F29: Kurtosis | G29: 9.1226667 | J29: Kurtosis | K29: 9.7317078
A30: 10 | B30: 10.8.2017 | C30: 1475 | D30: =Table1[[#This Row],[Steps]]-C29 -> 1475 | F30: Skewness | G30: 2.7309986 | J30: Skewness | K30: 2.7512321
A31: 11 | B31: 11.8.2017 | C31: 0 | D31: =Table1[[#This Row],[Steps]]-C30 -> -1475 | F31: Range | G31: 25825 | J31: Range | K31: 25825
A32: 12 | B32: 12.8.2017 | C32: 0 | D32: =Table1[[#This Row],[Steps]]-C31 -> 0 | F32: Minimum | G32: 0 | J32: Minimum | K32: 0
A33: 13 | B33: 13.8.2017 | C33: 680 | D33: =Table1[[#This Row],[Steps]]-C32 -> 680 | F33: Maximum | G33: 25825 | J33: Maximum | K33: 25825
A34: 14 | B34: 14.8.2017 | C34: 3763 | D34: =Table1[[#This Row],[Steps]]-C33 -> 3083 | F34: Sum | G34: 110719 | J34: Sum | K34: 164368
... A38: 18 | B38: 18.8.2017 | C38: 897 | D38: =Table1[[#This Row],[Steps]]-C37 -> 612 | F38: Confidence Level(95.0%) | G38: 1981.3605 | J38: Confidence Level(95.0%) | K38: 1354.5254
A39: 19 | B39: 19.8.2017 | C39: 59 | D39: =Table1[[#This Row],[Steps]]-C38 -> -838
A40: 20 | B40: 20.8.2017 | C40: 0 | D40: =Table1[[#This Row],[Steps]]-C39 -> -59
A41: 21 | B41: 21.8.2017 | C41: 1003 | D41: =Table1[[#This Row],[Steps]]-C40 -> 1003
A42: 22 | B42: 22.8.2017 | C42: 1438 | D42: =Table1[[#This Row],[Steps]]-C41 -> 435
A43: 23 | B43: 23.8.2017 | C43: 6621 | D43: =Table1[[#This Row],[Steps]]-C42 -> 5183
A44: 24 | B44: 24.8.2017 | C44: 5146 | D44: =Table1[[#This Row],[Steps]]-C43 -> -1475
A45: 25 | B45: 25.8.2017 | C45: 11459 | D45: =Table1[[#This Row],[Steps]]-C44 -> 6313
A46: 26 | B46: 26.8.2017 | C46: 3374 | D46: =Table1[[#This Row],[Steps]]-C45 -> -8085
A47: 27 | B47: 27.8.2017 | C47: 0 | D47: =Table1[[#This Row],[Steps]]-C46 -> -3374
A48: 28 | B48: 28.8.2017 | C48: 9572 | D48: =Table1[[#This Row],[Steps]]-C47 -> 9572
A49: 29 | B49: 29.8.2017 | C49: 3135 | D49: =Table1[[#This Row],[Steps]]-C48 -> -6437
A50: 30 | B50: 30.8.2017 | C50: 3475 | D50: =Table1[[#This Row],[Steps]]-C49 -> 340
A51: 31 | B51: 31.8.2017 | C51: 0 | D51: =Table1[[#This Row],[Steps]]-C50 -> -3475
A52: 1 | B52: 1.9.2017 | C52: 7185 | D52: =Table1[[#This Row],[Steps]]-C51 -> 7185 | F52: Septmeber | J52: July-September
A53: 2 | B53: 2.9.2017 | C53: 145 | D53: =Table1[[#This Row],[Steps]]-C52 -> -7040
A54: 3 | B54: 3.9.2017 | C54: 3632 | D54: =Table1[[#This Row],[Steps]]-C53 -> 3487 | F54: Mean | G54: 5086.2667 | J54: Mean | K54: 3961.95
A55: 4 | B55: 4.9.2017 | C55: 9207 | D55: =Table1[[#This Row],[Steps]]-C54 -> 5575 | F55: Standard Error | G55: 949.60997 | J55: Standard Error | K55: 556.64863
A56: 5 | B56: 5.9.2017 | C56: 3091 | D56: =Table1[[#This Row],[Steps]]-C55 -> -6116 | F56: Median | G56: 3731 | J56: Median | K56: 2113.5
A57: 6 | B57: 6.9.2017 | C57: 3830 | D57: =Table1[[#This Row],[Steps]]-C56 -> 739 | F57: Mode | G57: 0 | J57: Mode | K57: 0
A58: 7 | B58: 7.9.2017 | C58: 0 | D58: =Table1[[#This Row],[Steps]]-C57 -> -3830 | F58: Standard Deviation | G58: 5201.228 | J58: Standard Deviation | K58: 4978.8167
A59: 8 | B59: 8.9.2017 | C59: 12032 | D59: =Table1[[#This Row],[Steps]]-C58 -> 12032 | F59: Sample Variance | G59: 27052773 | J59: Sample Variance | K59: 24788616
A60: 9 | B60: 9.9.2017 | C60: 158 | D60: =Table1[[#This Row],[Steps]]-C59 -> -11874 | F60: Kurtosis | G60: -1.0053 | J60: Kurtosis | K60: 3.783954
A61: 10 | B61: 10.9.2017 | C61: 0 | D61: =Table1[[#This Row],[Steps]]-C60 -> -158 | F61: Skewness | G61: 0.57891235 | J61: Skewness | K61: 1.7501651
A62: 11 | B62: 11.9.2017 | C62: 7714 | D62: =Table1[[#This Row],[Steps]]-C61 -> 7714 | F62: Range | G62: 15132 | J62: Range | K62: 25825
A63: 12 | B63: 12.9.2017 | C63: 8795 | D63: =Table1[[#This Row],[Steps]]-C62 -> 1081 | F63: Minimum | G63: 0 | J63: Minimum | K63: 0
A64: 13 | B64: 13.9.2017 | C64: 14896 | D64: =Table1[[#This Row],[Steps]]-C63 -> 6101 | F64: Maximum | G64: 15132 | J64: Maximum | K64: 25825
A65: 14 | B65: 14.9.2017 | C65: 0 | D65: =Table1[[#This Row],[Steps]]-C64 -> -14896 | F65: Sum | G65: 152588 | J65: Sum | K65: 316956
... A69: 18 | B69: 18.9.2017 | C69: 14082 | D69: =Table1[[#This Row],[Steps]]-C68 -> 14082 | F69: Confidence Level(95.0%) | G69: 1942.1705 | J69: Confidence Level(95.0%) | K69: 1107.9814
A70: 19 | B70: 19.9.2017 | C70: 15132 | D70: =Table1[[#This Row],[Steps]]-C69 -> 1050
A71: 20 | B71: 20.9.2017 | C71: 3595 | D71: =Table1[[#This Row],[Steps]]-C70 -> -11537
A72: 21 | B72: 21.9.2017 | C72: 11180 | D72: =Table1[[#This Row],[Steps]]-C71 -> 7585
A73: 22 | B73: 22.9.2017 | C73: 0 | D73: =Table1[[#This Row],[Steps]]-C72 -> -11180
A74: 23 | B74: 23.9.2017 | C74: 49 | D74: =Table1[[#This Row],[Steps]]-C73 -> 49
A75: 24 | B75: 24.9.2017 | C75: 4972 | D75: =Table1[[#This Row],[Steps]]-C74 -> 4923
A76: 25 | B76: 25.9.2017 | C76: 0 | D76: =Table1[[#This Row],[Steps]]-C75 -> -4972
A77: 26 | B77: 26.9.2017 | C77: 4880 | D77: =Table1[[#This Row],[Steps]]-C76 -> 4880
A78: 27 | B78: 27.9.2017 | C78: 6924 | D78: =Table1[[#This Row],[Steps]]-C77 -> 2044
A79: 28 | B79: 28.9.2017 | C79: 11686 | D79: =Table1[[#This Row],[Steps]]-C78 -> 4762
A80: 29 | B80: 29.9.2017 | C80: 0 | D80: =Table1[[#This Row],[Steps]]-C79 -> -11686
A81: 30 | B81: 30.9.2017 | C81: 184 | D81: =Table1[[#This Row],[Steps]]-C80 -> 184
A82: 1 | B82: 1.10.2017 | C82: 0 | D82: =Table1[[#This Row],[Steps]]-C81 -> -184 | F82: October | J82: July-October
A83: 2 | B83: 2.10.2017 | C83: 0 | D83: =Table1[[#This Row],[Steps]]-C82 -> 0
A84: 3 | B84: 3.10.2017 | C84: 4724 | D84: =Table1[[#This Row],[Steps]]-C83 -> 4724 | F84: Mean | G84: 4245.2903 | J84: Mean | K84: 4041.0811
A85: 4 | B85: 4.10.2017 | C85: 7831 | D85: =Table1[[#This Row],[Steps]]-C84 -> 3107 | F85: Standard Error | G85: 786.41412 | J85: Standard Error | K85: 455.67225
A86: 5 | B86: 5.10.2017 | C86: 68 | D86: =Table1[[#This Row],[Steps]]-C85 -> -7763 | F86: Median | G86: 4724 | J86: Median | K86: 2238
A87: 6 | B87: 6.10.2017 | C87: 6900 | D87: =Table1[[#This Row],[Steps]]-C86 -> 6832 | F87: Mode | G87: 0 | J87: Mode | K87: 0
A88: 7 | B88: 7.10.2017 | C88: 0 | D88: =Table1[[#This Row],[Steps]]-C87 -> -6900 | F88: Standard Deviation | G88: 4378.5685 | J88: Standard Deviation | K88: 4800.805
A89: 8 | B89: 8.10.2017 | C89: 0 | D89: =Table1[[#This Row],[Steps]]-C88 -> 0 | F89: Sample Variance | G89: 19171862 | J89: Sample Variance | K89: 23047729
A90: 9 | B90: 9.10.2017 | C90: 9271 | D90: =Table1[[#This Row],[Steps]]-C89 -> 9271 | F90: Kurtosis | G90: -0.075841466 | J90: Kurtosis | K90: 2.9907723
A91: 10 | B91: 10.10.2017 | C91: 7127 | D91: =Table1[[#This Row],[Steps]]-C90 -> -2144 | F91: Skewness | G91: 0.67734756 | J91: Skewness | K91: 1.5161544
A92: 11 | B92: 11.10.2017 | C92: 1840 | D92: =Table1[[#This Row],[Steps]]-C91 -> -5287 | F92: Range | G92: 16313 | J92: Range | K92: 25825
A93: 12 | B93: 12.10.2017 | C93: 8059 | D93: =Table1[[#This Row],[Steps]]-C92 -> 6219 | F93: Minimum | G93: 0 | J93: Minimum | K93: 0
A94: 13 | B94: 13.10.2017 | C94: 5556 | D94: =Table1[[#This Row],[Steps]]-C93 -> -2503 | F94: Maximum | G94: 16313 | J94: Maximum | K94: 25825
A95: 14 | B95: 14.10.2017 | C95: 0 | D95: =Table1[[#This Row],[Steps]]-C94 -> -5556 | F95: Sum | G95: 131604 | J95: Sum | K95: 448560
... A99: 18 | B99: 18.10.2017 | C99: 0 | D99: =Table1[[#This Row],[Steps]]-C98 -> -1988 | F99: Confidence Level(95.0%) | G99: 1606.0719 | J99: Confidence Level(95.0%) | K99: 903.03544
A100: 19 | B100: 19.10.2017 | C100: 6054 | D100: =Table1[[#This Row],[Steps]]-C99 -> 6054
A101: 20 | B101: 20.10.2017 | C101: 5279 | D101: =Table1[[#This Row],[Steps]]-C100 -> -775
A102: 21 | B102: 21.10.2017 | C102: 111 | D102: =Table1[[#This Row],[Steps]]-C101 -> -5168
A103: 22 | B103: 22.10.2017 | C103: 6473 | D103: =Table1[[#This Row],[Steps]]-C102 -> 6362
A104: 23 | B104: 23.10.2017 | C104: 0 | D104: =Table1[[#This Row],[Steps]]-C103 -> -6473
A105: 24 | B105: 24.10.2017 | C105: 9667 | D105: =Table1[[#This Row],[Steps]]-C104 -> 9667
A106: 25 | B106: 25.10.2017 | C106: 6522 | D106: =Table1[[#This Row],[Steps]]-C105 -> -3145
A107: 26 | B107: 26.10.2017 | C107: 8507 | D107: =Table1[[#This Row],[Steps]]-C106 -> 1985
A108: 27 | B108: 27.10.2017 | C108: 9400 | D108: =Table1[[#This Row],[Steps]]-C107 -> 893
A109: 28 | B109: 28.10.2017 | C109: 251 | D109: =Table1[[#This Row],[Steps]]-C108 -> -9149
...

Sheet 2018
A1: Number | B1: Day | C1: Steps | D1: Difference | E1: Colories | F1: Difference of C | G1: Distance | H1: Difference of D | I1: Time | J1: Difference of time
A2: 1 | B2: 43101 | C2: 12997 | D2: =Table13[[#This Row],[Steps]]-C1 -> #VALUE! | E2: 499.1 | F2: =Table13[[#This Row],[Colories]]-E1 -> #VALUE! | G2: 9.34 | H2: =Table13[[#This Row],[Distance]]-G1 -> #VALUE! | I2: 112 | J2: =Table13[[#This Row],[Time]]-I1 -> #VALUE! | K2: Steps | M2: Calories | N2: Distance | O2: Time | R2: Steps | S2: Calories | T2: Distance | U2: Time
A3: 2 | B3: 43102 | C3: 9018 | D3: =Table13[[#This Row],[Steps]]-C2 -> -3979 | E3: 348.2 | F3: =Table13[[#This Row],[Colories]]-E2 -> -150.9 | G3: 6.49 | H3: =Table13[[#This Row],[Distance]]-G2 -> -2.85 | I3: 81 | J3: =Table13[[#This Row],[Time]]-I2 -> -31 | Q3: Mean | R3: =AVERAGE($C$1:$C$366) -> 9856.6932 | S3: =AVERAGE($E$1:$E$366) -> 383.69644 | T3: =AVERAGE($G$1:$G$366) -> 7.1223562 | U3: =AVERAGE($I$1:$I$366) -> 89.493151
A4: 3 | B4: 43103 | C4: 11450 | D4: =Table13[[#This Row],[Steps]]-C3 -> 2432 | E4: 442.3 | F4: =Table13[[#This Row],[Colories]]-E3 -> 94.1 | G4: 8.24 | H4: =Table13[[#This Row],[Distance]]-G3 -> 1.75 | I4: 102 | J4: =Table13[[#This Row],[Time]]-I3 -> 21 | K4: Mean | L4: 8247.9032 | M4: 313.79 | N4: 5.824 | O4: 73.935484 | Q4: Standard Error | R4: =SQRT(VAR($C$1:$C$366)/COUNT($C$1:$C$366)) -> 259.83584 | S4: =SQRT(VAR($E$1:$E$366)/COUNT($E$1:$E$366)) -> 10.053709 | T4: =SQRT(VAR($G$1:$G$366)/COUNT($G$1:$G$366)) -> 0.18667661 | U4: =SQRT(VAR($I$1:$I$366)/COUNT($I$1:$I$366)) -> 2.3745306
A5: 4 | B5: 43104 | C5: 10032 | D5: =Table13[[#This Row],[Steps]]-C4 -> -1418 | E5: 385 | F5: =Table13[[#This Row],[Colories]]-E4 -> -57.3 | G5: 7.22 | H5: =Table13[[#This Row],[Distance]]-G4 -> -1.02 | I5: 85 | J5: =Table13[[#This Row],[Time]]-I4 -> -17 | K5: Standard Error | L5: 800.64975 | M5: 31.203979 | N5: 0.58431207 | O5: 7.077138 | Q5: Mode | R5: =MODE($C$1:$C$366) -> 6004 | S5: =MODE($E$1:$E$366) -> 524.9 | T5: =MODE($G$1:$G$366) -> 4.33 | U5: =MODE($I$1:$I$366) -> 61
A6: 5 | B6: 43105 | C6: 11435 | D6: =Table13[[#This Row],[Steps]]-C5 -> 1403 | E6: 449.5 | F6: =Table13[[#This Row],[Colories]]-E5 -> 64.5 | G6: 8.23 | H6: =Table13[[#This Row],[Distance]]-G5 -> 1.01 | I6: 108 | J6: =Table13[[#This Row],[Time]]-I5 -> 23 | K6: Median | L6: 7292 | M6: 268.9 | N6: 5.04 | O6: 64 | Q6: Median | R6: =MEDIAN($C$1:$C$366) -> 9580 | S6: =MEDIAN($E$1:$E$366) -> 370.2 | T6: =MEDIAN($G$1:$G$366) -> 6.9 | U6: =MEDIAN($I$1:$I$366) -> 86
A7: 6 | B7: 43106 | C7: 8438 | D7: =Table13[[#This Row],[Steps]]-C6 -> -2997 | E7: 337 | F7: =Table13[[#This Row],[Colories]]-E6 -> -112.5 | G7: 6.08 | H7: =Table13[[#This Row],[Distance]]-G6 -> -2.15 | I7: 85 | J7: =Table13[[#This Row],[Time]]-I6 -> -23 | K7: Mode | L7: =#N/A -> #N/A | M7: =#N/A -> #N/A | N7: =#N/A -> #N/A | O7: 112 | Q7: First Quartile | R7: =QUARTILE($C$1:$C$366, 1) -> 6601 | S7: =QUARTILE($E$1:$E$366, 1) -> 257.9 | T7: =QUARTILE($G$1:$G$366, 1) -> 4.8 | U7: =QUARTILE($I$1:$I$366, 1) -> 61
A8: 7 | B8: 43107 | C8: 10676 | D8: =Table13[[#This Row],[Steps]]-C7 -> 2238 | E8: 410.6 | F8: =Table13[[#This Row],[Colories]]-E7 -> 73.6 | G8: 7.69 | H8: =Table13[[#This Row],[Distance]]-G7 -> 1.61 | I8: 94 | J8: =Table13[[#This Row],[Time]]-I7 -> 9 | K8: Standard Deviation | L8: 4457.8292 | M8: 170.91123 | N8: 3.200409 | O8: 39.403837 | Q8: Third Quartile | R8: =QUARTILE($C$1:$C$366, 3) -> 12524 | S8: =QUARTILE($E$1:$E$366, 3) -> 484.5 | T8: =QUARTILE($G$1:$G$366, 3) -> 9.03 | U8: =QUARTILE($I$1:$I$366, 3) -> 112
A9: 8 | B9: 43108 | C9: 7292 | D9: =Table13[[#This Row],[Steps]]-C8 -> -3384 | E9: 280 | F9: =Table13[[#This Row],[Colories]]-E8 -> -130.6 | G9: 5.25 | H9: =Table13[[#This Row],[Distance]]-G8 -> -2.44 | I9: 64 | J9: =Table13[[#This Row],[Time]]-I8 -> -30 | K9: Sample Variance | L9: 19872241 | M9: 29210.649 | N9: 10.242618 | O9: 1552.6624 | Q9: Variance | R9: =VAR($C$1:$C$366) -> 24642852 | S9: =VAR($E$1:$E$366) -> 36893.13 | T9: =VAR($G$1:$G$366) -> 12.719577 | U9: =VAR($I$1:$I$366) -> 2058.0144
A10: 9 | B10: 43109 | C10: 20021 | D10: =Table13[[#This Row],[Steps]]-C9 -> 12729 | E10: 770.2 | F10: =Table13[[#This Row],[Colories]]-E9 -> 490.2 | G10: 14.42 | H10: =Table13[[#This Row],[Distance]]-G9 -> 9.17 | I10: 176 | J10: =Table13[[#This Row],[Time]]-I9 -> 112 | K10: Kurtosis | L10: 0.67833417 | M10: 0.91817099 | N10: 0.93453303 | O10: 0.5757302 | Q10: Standard Deviation | R10: =STDEV($C$1:$C$366) -> 4964.1567 | S10: =STDEV($E$1:$E$366) -> 192.07584 | T10: =STDEV($G$1:$G$366) -> 3.5664516 | U10: =STDEV($I$1:$I$366) -> 45.365343
A11: 10 | B11: 43110 | C11: 6080 | D11: =Table13[[#This Row],[Steps]]-C10 -> -13941 | E11: 233.8 | F11: =Table13[[#This Row],[Colories]]-E10 -> -536.4 | G11: 4.38 | H11: =Table13[[#This Row],[Distance]]-G10 -> -10.04 | I11: 52 | J11: =Table13[[#This Row],[Time]]-I10 -> -124 | K11: Skewness | L11: 0.59449505 | M11: 0.68134225 | N11: 0.69225046 | O11: 0.56668095 | Q11: Kurtosis | R11: =KURT($C$1:$C$366) -> 3.9709179 | S11: =KURT($E$1:$E$366) -> 4.3208627 | T11: =KURT($G$1:$G$366) -> 3.9878063 | U11: =KURT($I$1:$I$366) -> 5.4778867
A12: 11 | B12: 43111 | C12: 6008 | D12: =Table13[[#This Row],[Steps]]-C11 -> -72 | E12: 236.1 | F12: =Table13[[#This Row],[Colories]]-E11 -> 2.3 | G12: 4.33 | H12: =Table13[[#This Row],[Distance]]-G11 -> -0.05 | I12: 56 | J12: =Table13[[#This Row],[Time]]-I11 -> 4 | K12: Range | L12: 19813 | M12: 762 | N12: 14.27 | O12: 174 | Q12: Skewness | R12: =SKEW($C$1:$C$366) -> 1.0330093 | S12: =SKEW($E$1:$E$366) -> 1.0866034 | T12: =SKEW($G$1:$G$366) -> 1.0346259 | U12: =SKEW($I$1:$I$366) -> 1.2188799
A13: 12 | B13: 43112 | C13: 5712 | D13: =Table13[[#This Row],[Steps]]-C12 -> -296 | E13: 226.7 | F13: =Table13[[#This Row],[Colories]]-E12 -> -9.4 | G13: 4.11 | H13: =Table13[[#This Row],[Distance]]-G12 -> -0.22 | I13: 54 | J13: =Table13[[#This Row],[Time]]-I12 -> -2 | K13: Minimum | L13: 208 | M13: 8.2 | N13: 0.15 | O13: 2 | Q13: Range | R13: =MAX($C$1:$C$366)-MIN($C$1:$C$366) -> 38613 | S13: =MAX($E$1:$E$366)-MIN($E$1:$E$366) -> 1528.3 | T13: =MAX($G$1:$G$366)-MIN($G$1:$G$366) -> 27.81 | U13: =MAX($I$1:$I$366)-MIN($I$1:$I$366) -> 382
A14: 13 | B14: 43113 | C14: 4604 | D14: =Table13[[#This Row],[Steps]]-C13 -> -1108 | E14: 180.6 | F14: =Table13[[#This Row],[Colories]]-E13 -> -46.1 | G14: 3.31 | H14: =Table13[[#This Row],[Distance]]-G13 -> -0.8 | I14: 43 | J14: =Table13[[#This Row],[Time]]-I13 -> -11 | K14: Maximum | L14: 20021 | M14: 770.2 | N14: 14.42 | O14: 176 | Q14: Minimum | R14: =MIN($C$1:$C$366) -> 19 | S14: =MIN($E$1:$E$366) -> 0.8 | T14: =MIN($G$1:$G$366) -> 0.01 | U14: =MIN($I$1:$I$366) -> 0
A15: 14 | B15: 43114 | C15: 361 | D15: =Table13[[#This Row],[Steps]]-C14 -> -4243 | E15: 15 | F15: =Table13[[#This Row],[Colories]]-E14 -> -165.6 | G15: 0.26 | H15: =Table13[[#This Row],[Distance]]-G14 -> -3.05 | I15: 4 | J15: =Table13[[#This Row],[Time]]-I14 -> -39 | K15: Sum | L15: 255685 | M15: 9413.7 | N15: 174.72 | O15: 2292 | Q15: Maximum | R15: =MAX($C$1:$C$366) -> 38632 | S15: =MAX($E$1:$E$366) -> 1529.1 | T15: =MAX($G$1:$G$366) -> 27.82 | U15: =MAX($I$1:$I$366) -> 382
A16: 15 | B16: 43115 | C16: 6708 | D16: =Table13[[#This Row],[Steps]]-C15 -> 6347 | E16: 257.8 | F16: =Table13[[#This Row],[Colories]]-E15 -> 242.8 | G16: 4.83 | H16: =Table13[[#This Row],[Distance]]-G15 -> 4.57 | I16: 59 | J16: =Table13[[#This Row],[Time]]-I15 -> 55 | K16: Count | L16: 31 | M16: 30 | N16: 30 | O16: 31 | Q16: Sum | R16: =SUM($C$1:$C$366) -> 3597693 | S16: =SUM($E$1:$E$366) -> 140049.2 | T16: =SUM($G$1:$G$366) -> 2599.66 | U16: =SUM($I$1:$I$366) -> 32665
A17: 16 | B17: 43116 | C17: 9777 | D17: =Table13[[#This Row],[Steps]]-C16 -> 3069 | E17: 376.7 | F17: =Table13[[#This Row],[Colories]]-E16 -> 118.9 | G17: 7.04 | H17: =Table13[[#This Row],[Distance]]-G16 -> 2.21 | I17: 87 | J17: =Table13[[#This Row],[Time]]-I16 -> 28 | K17: Largest(1) | L17: 20021 | M17: 770.2 | N17: 14.42 | O17: 176 | Q17: Count | R17: =COUNT($C$1:$C$366) -> 365 | S17: =COUNT($E$1:$E$366) -> 365 | T17: =COUNT($G$1:$G$366) -> 365 | U17: =COUNT($I$1:$I$366) -> 365
A18: 17 | B18: 43117 | C18: 9430 | D18: =Table13[[#This Row],[Steps]]-C17 -> -347 | E18: 363.6 | F18: =Table13[[#This Row],[Colories]]-E17 -> -13.1 | G18: 6.79 | H18: =Table13[[#This Row],[Distance]]-G17 -> -0.25 | I18: 84 | J18: =Table13[[#This Row],[Time]]-I17 -> -3 | K18: Smallest(1) | L18: 208 | M18: 8.2 | N18: 0.15 | O18: 2
A19: 18 | B19: 43118 | C19: 6042 | D19: =Table13[[#This Row],[Steps]]-C18 -> -3388 | E19: 230.4 | F19: =Table13[[#This Row],[Colories]]-E18 -> -133.2 | G19: 4.35 | H19: =Table13[[#This Row],[Distance]]-G18 -> -2.44 | I19: 50 | J19: =Table13[[#This Row],[Time]]-I18 -> -34 | K19: Confidence Level(95,0%) | L19: 1635.1449 | M19: 63.819302 | N19: 1.1950524 | O19: 14.453444
A20: 19 | B20: 43119 | C20: 6351 | D20: =Table13[[#This Row],[Steps]]-C19 -> 309 | E20: 251.7 | F20: =Table13[[#This Row],[Colories]]-E19 -> 21.3 | G20: 4.57 | H20: =Table13[[#This Row],[Distance]]-G19 -> 0.22 | I20: 61 | J20: =Table13[[#This Row],[Time]]-I19 -> 11
A21: 20 | B21: 43120 | C21: 5218 | D21: =Table13[[#This Row],[Steps]]-C20 -> -1133 | E21: 206.8 | F21: =Table13[[#This Row],[Colories]]-E20 -> -44.9 | G21: 3.76 | H21: =Table13[[#This Row],[Distance]]-G20 -> -0.81 | I21: 51 | J21: =Table13[[#This Row],[Time]]-I20 -> -10
A22: 21 | B22: 43121 | C22: 208 | D22: =Table13[[#This Row],[Steps]]-C21 -> -5010 | E22: 8.2 | F22: =Table13[[#This Row],[Colories]]-E21 -> -198.6 | G22: 0.15 | H22: =Table13[[#This Row],[Distance]]-G21 -> -3.61 | I22: 2 | J22: =Table13[[#This Row],[Time]]-I21 -> -49
A23: 22 | B23: 43122 | C23: 8905 | D23: =Table13[[#This Row],[Steps]]-C22 -> 8697 | E23: 341.6 | F23: =Table13[[#This Row],[Colories]]-E22 -> 333.4 | G23: 6.41 | H23: =Table13[[#This Row],[Distance]]-G22 -> 6.26 | I23: 77 | J23: =Table13[[#This Row],[Time]]-I22 -> 75
A24: 23 | B24: 43123 | C24: 11164 | D24: =Table13[[#This Row],[Steps]]-C23 -> 2259 | E24: 430 | F24: =Table13[[#This Row],[Colories]]-E23 -> 88.4 | G24: 8.04 | H24: =Table13[[#This Row],[Distance]]-G23 -> 1.63 | I24: 98 | J24: =Table13[[#This Row],[Time]]-I23 -> 21
A25: 24 | B25: 43124 | C25: 3496 | D25: =Table13[[#This Row],[Steps]]-C24 -> -7668 | E25: 134.1 | F25: =Table13[[#This Row],[Colories]]-E24 -> -295.9 | G25: 2.52 | H25: =Table13[[#This Row],[Distance]]-G24 -> -5.52 | I25: 30 | J25: =Table13[[#This Row],[Time]]-I24 -> -68
A26: 25 | B26: 43125 | C26: 12432 | D26: =Table13[[#This Row],[Steps]]-C25 -> 8936 | E26: 480.2 | F26: =Table13[[#This Row],[Colories]]-E25 -> 346.1 | G26: 8.95 | H26: =Table13[[#This Row],[Distance]]-G25 -> 6.43 | I26: 112 | J26: =Table13[[#This Row],[Time]]-I25 -> 82
A27: 26 | B27: 43126 | C27: 5963 | D27: =Table13[[#This Row],[Steps]]-C26 -> -6469 | E27: 229.2 | F27: =Table13[[#This Row],[Colories]]-E26 -> -251 | G27: 4.29 | H27: =Table13[[#This Row],[Distance]]-G26 -> -4.66 | I27: 51 | J27: =Table13[[#This Row],[Time]]-I26 -> -61
A28: 27 | B28: 43127 | C28: 2881 | D28: =Table13[[#This Row],[Steps]]-C27 -> -3082 | E28: 117.1 | F28: =Table13[[#This Row],[Colories]]-E27 -> -112.1 | G28: 2.07 | H28: =Table13[[#This Row],[Distance]]-G27 -> -2.22 | I28: 30 | J28: =Table13[[#This Row],[Time]]-I27 -> -21
A29: 28 | B29: 43128 | C29: 4893 | D29: =Table13[[#This Row],[Steps]]-C28 -> 2012 | E29: 195.2 | F29: =Table13[[#This Row],[Colories]]-E28 -> 78.1 | G29: 3.52 | H29: =Table13[[#This Row],[Distance]]-G28 -> 1.45 | I29: 42 | J29: =Table13[[#This Row],[Time]]-I28 -> 12
A30: 29 | B30: 43129 | C30: 6004 | D30: =Table13[[#This Row],[Steps]]-C29 -> 1111 | E30: 233 | F30: =Table13[[#This Row],[Colories]]-E29 -> 37.8 | G30: 4.32 | H30: =Table13[[#This Row],[Distance]]-G29 -> 0.8 | I30: 53 | J30: =Table13[[#This Row],[Time]]-I29 -> 11
A31: 30 | B31: 43130 | C31: 17278 | D31: =Table13[[#This Row],[Steps]]-C30 -> 11274 | E31: 667.3 | F31: =Table13[[#This Row],[Colories]]-E30 -> 434.3 | G31: 12.44 | H31: =Table13[[#This Row],[Distance]]-G30 -> 8.12 | I31: 153 | J31: =Table13[[#This Row],[Time]]-I30 -> 100
A32: 31 | B32: 43131 | C32: 14811 | D32: =Table13[[#This Row],[Steps]]-C31 -> -2467 | E32: 575.8 | F32: =Table13[[#This Row],[Colories]]-E31 -> -91.5 | G32: 10.66 | H32: =Table13[[#This Row],[Distance]]-G31 -> -1.78 | I32: 136 | J32: =Table13[[#This Row],[Time]]-I31 -> -17
A33: 13 | B33: 43132 | C33: 7538 | D33: =Table13[[#This Row],[Steps]]-C32 -> -7273 | E33: 289 | F33: =Table13[[#This Row],[Colories]]-E32 -> -286.8 | G33: 5.43 | H33: =Table13[[#This Row],[Distance]]-G32 -> -5.23 | I33: 65 | J33: =Table13[[#This Row],[Time]]-I32 -> -71 | K33: February 2018 | L33: Steps | M33: Calories | N33: Distance | O33: Time
A34: 14 | B34: 43133 | C34: 9721 | D34: =Table13[[#This Row],[Steps]]-C33 -> 2183 | E34: 375.4 | F34: =Table13[[#This Row],[Colories]]-E33 -> 86.4 | G34: 7 | H34: =Table13[[#This Row],[Distance]]-G33 -> 1.57 | I34: 87 | J34: =Table13[[#This Row],[Time]]-I33 -> 22
A35: 15 | B35: 43134 | C35: 13284 | D35: =Table13[[#This Row],[Steps]]-C34 -> 3563 | E35: 518.4 | F35: =Table13[[#This Row],[Colories]]-E34 -> 143 | G35: 9.56 | H35: =Table13[[#This Row],[Distance]]-G34 -> 2.56 | I35: 125 | J35: =Table13[[#This Row],[Time]]-I34 -> 38 | K35: Mean | L35: 9305.1852 | M35: 360.58148 | N35: 6.6974074 | O35: 81.444444
A36: 16 | B36: 43135 | C36: 5738 | D36: =Table13[[#This Row],[Steps]]-C35 -> -7546 | E36: 221.8 | F36: =Table13[[#This Row],[Colories]]-E35 -> -296.6 | G36: 4.13 | H36: =Table13[[#This Row],[Distance]]-G35 -> -5.43 | I36: 50 | J36: =Table13[[#This Row],[Time]]-I35 -> -75 | K36: Standard Error | L36: 643.09121 | M36: 24.630206 | N36: 0.46343189 | O36: 6.3374555
A37: 17 | B37: 43136 | C37: 8346 | D37: =Table13[[#This Row],[Steps]]-C36 -> 2608 | E37: 319.2 | F37: =Table13[[#This Row],[Colories]]-E36 -> 97.4 | G37: 6.01 | H37: =Table13[[#This Row],[Distance]]-G36 -> 1.88 | I37: 71 | J37: =Table13[[#This Row],[Time]]-I36 -> 21 | K37: Median | L37: 9669 | M37: 375.4 | N37: 6.96 | O37: 86
A38: 18 | B38: 43137 | C38: 12111 | D38: =Table13[[#This Row],[Steps]]-C37 -> 3765 | E38: 464.9 | F38: =Table13[[#This Row],[Colories]]-E37 -> 145.7 | G38: 8.72 | H38: =Table13[[#This Row],[Distance]]-G37 -> 2.71 | I38: 104 | J38: =Table13[[#This Row],[Time]]-I37 -> 33 | K38: Mode | L38: =#N/A -> #N/A | M38: =#N/A -> #N/A | N38: 6.01 | O38: 98
A39: 19 | B39: 43138 | C39: 12821 | D39: =Table13[[#This Row],[Steps]]-C38 -> 710 | E39: 491.7 | F39: =Table13[[#This Row],[Colories]]-E38 -> 26.8 | G39: 9.23 | H39: =Table13[[#This Row],[Distance]]-G38 -> 0.51 | I39: 111 | J39: =Table13[[#This Row],[Time]]-I38 -> 7 | K39: Standard Deviation | L39: 3341.6 | M39: 127.98231 | N39: 2.4080627 | O39: 32.930385
A40: 20 | B40: 43139 | C40: 13702 | D40: =Table13[[#This Row],[Steps]]-C39 -> 881 | E40: 528.6 | F40: =Table13[[#This Row],[Colories]]-E39 -> 36.9 | G40: 9.87 | H40: =Table13[[#This Row],[Distance]]-G39 -> 0.64 | I40: 120 | J40: =Table13[[#This Row],[Time]]-I39 -> 9 | K40: Sample Variance | L40: 11166290 | M40: 16379.471 | N40: 5.7987661 | O40: 1084.4103
A41: 21 | B41: 43140 | C41: 10636 | D41: =Table13[[#This Row],[Steps]]-C40 -> -3066 | E41: 417.1 | F41: =Table13[[#This Row],[Colories]]-E40 -> -111.5 | G41: 7.66 | H41: =Table13[[#This Row],[Distance]]-G40 -> -2.21 | I41: 100 | J41: =Table13[[#This Row],[Time]]-I40 -> -20 | K41: Kurtosis | L41: 0.96267662 | M41: 1.0711183 | N41: 0.95337355 | O41: 1.0049035
A42: 22 | B42: 43141 | C42: 7581 | D42: =Table13[[#This Row],[Steps]]-C41 -> -3055 | E42: 301.3 | F42: =Table13[[#This Row],[Colories]]-E41 -> -115.8 | G42: 5.4 | H42: =Table13[[#This Row],[Distance]]-G41 -> -2.26 | I42: 74 | J42: =Table13[[#This Row],[Time]]-I41 -> -26 | K42: Skewness | L42: -0.53050414 | M42: -0.55854868 | N42: -0.5287146 | O42: -0.82524433
A43: 23 | B43: 43142 | C43: 10063 | D43: =Table13[[#This Row],[Steps]]-C42 -> 2482 | E43: 397.4 | F43: =Table13[[#This Row],[Colories]]-E42 -> 96.1 | G43: 7.25 | H43: =Table13[[#This Row],[Distance]]-G42 -> 1.85 | I43: 98 | J43: =Table13[[#This Row],[Time]]-I42 -> 24 | K43: Range | L43: 15538 | M43: 598.1 | N43: 11.19 | O43: 136
A44: 24 | B44: 43143 | C44: 13079 | D44: =Table13[[#This Row],[Steps]]-C43 -> 3016 | E44: 503.7 | F44: =Table13[[#This Row],[Colories]]-E43 -> 106.3 | G44: 9.42 | H44: =Table13[[#This Row],[Distance]]-G43 -> 2.17 | I44: 116 | J44: =Table13[[#This Row],[Time]]-I43 -> 18 | K44: Minimum | L44: 19 | M44: 0.8 | N44: 0.01 | O44: 1
A45: 25 | B45: 43144 | C45: 7643 | D45: =Table13[[#This Row],[Steps]]-C44 -> -5436 | E45: 293.6 | F45: =Table13[[#This Row],[Colories]]-E44 -> -210.1 | G45: 5.5 | H45: =Table13[[#This Row],[Distance]]-G44 -> -3.92 | I45: 66 | J45: =Table13[[#This Row],[Time]]-I44 -> -50 | K45: Maximum | L45: 15557 | M45: 598.9 | N45: 11.2 | O45: 137
A46: 26 | B46: 43145 | C46: 9823 | D46: =Table13[[#This Row],[Steps]]-C45 -> 2180 | E46: 378.1 | F46: =Table13[[#This Row],[Colories]]-E45 -> 84.5 | G46: 7.07 | H46: =Table13[[#This Row],[Distance]]-G45 -> 1.57 | I46: 86 | J46: =Table13[[#This Row],[Time]]-I45 -> 20 | K46: Sum | L46: 251240 | M46: 9735.7 | N46: 180.83 | O46: 2199
A47: 27 | B47: 43146 | C47: 8268 | D47: =Table13[[#This Row],[Steps]]-C46 -> -1555 | E47: 318.1 | F47: =Table13[[#This Row],[Colories]]-E46 -> -60 | G47: 5.95 | H47: =Table13[[#This Row],[Distance]]-G46 -> -1.12 | I47: 73 | J47: =Table13[[#This Row],[Time]]-I46 -> -13 | K47: Count | L47: 27 | M47: 27 | N47: 27 | O47: 27
A48: 28 | B48: 43147 | C48: 9132 | D48: =Table13[[#This Row],[Steps]]-C47 -> 864 | E48: 350 | F48: =Table13[[#This Row],[Colories]]-E47 -> 31.9 | G48: 6.58 | H48: =Table13[[#This Row],[Distance]]-G47 -> 0.63 | I48: 78 | J48: =Table13[[#This Row],[Time]]-I47 -> 5 | K48: Largest(1) | L48: 15557 | M48: 598.9 | N48: 11.2 | O48: 137
A49: 29 | B49: 43148 | C49: 6407 | D49: =Table13[[#This Row],[Steps]]-C48 -> -2725 | E49: 257.9 | F49: =Table13[[#This Row],[Colories]]-E48 -> -92.1 | G49: 4.61 | H49: =Table13[[#This Row],[Distance]]-G48 -> -1.97 | I49: 65 | J49: =Table13[[#This Row],[Time]]-I48 -> -13 | K49: Smallest(1) | L49: 19 | M49: 0.8 | N49: 0.01 | O49: 1
A50: 30 | B50: 43149 | C50: 4503 | D50: =Table13[[#This Row],[Steps]]-C49 -> -1904 | E50: 178.2 | F50: =Table13[[#This Row],[Colories]]-E49 -> -79.7 | G50: 3.24 | H50: =Table13[[#This Row],[Distance]]-G49 -> -1.37 | I50: 44 | J50: =Table13[[#This Row],[Time]]-I49 -> -21 | K50: Confidence Level(95,0%) | L50: 1321.8929 | M50: 50.628114 | N50: 0.95259789 | O50: 13.026826
A51: 31 | B51: 43150 | C51: 13080 | D51: =Table13[[#This Row],[Steps]]-C50 -> 8577 | E51: 503.2 | F51: =Table13[[#This Row],[Colories]]-E50 -> 325 | G51: 9.42 | H51: =Table13[[#This Row],[Distance]]-G50 -> 6.18 | I51: 114 | J51: =Table13[[#This Row],[Time]]-I50 -> 70
A52: 1 | B52: 43151 | C52: 8341 | D52: =Table13[[#This Row],[Steps]]-C51 -> -4739 | E52: 321.7 | F52: =Table13[[#This Row],[Colories]]-E51 -> -181.5 | G52: 6.01 | H52: =Table13[[#This Row],[Distance]]-G51 -> -3.41 | I52: 72 | J52: =Table13[[#This Row],[Time]]-I51 -> -42
A53: 2 | B53: 43152 | C53: 7149 | D53: =Table13[[#This Row],[Steps]]-C52 -> -1192 | E53: 273.8 | F53: =Table13[[#This Row],[Colories]]-E52 -> -47.9 | G53: 5.15 | H53: =Table13[[#This Row],[Distance]]-G52 -> -0.86 | I53: 1 | J53: =Table13[[#This Row],[Time]]-I52 -> -71
A54: 3 | B54: 43153 | C54: 15557 | D54: =Table13[[#This Row],[Steps]]-C53 -> 8408 | E54: 598.9 | F54: =Table13[[#This Row],[Colories]]-E53 -> 325.1 | G54: 11.2 | H54: =Table13[[#This Row],[Distance]]-G53 -> 6.05 | I54: 137 | J54: =Table13[[#This Row],[Time]]-I53 -> 136
A55: 4 | B55: 43154 | C55: 10978 | D55: =Table13[[#This Row],[Steps]]-C54 -> -4579 | E55: 423.7 | F55: =Table13[[#This Row],[Colories]]-E54 -> -175.2 | G55: 7.9 | H55: =Table13[[#This Row],[Distance]]-G54 -> -3.3 | I55: 98 | J55: =Table13[[#This Row],[Time]]-I54 -> -39
A56: 5 | B56: 43155 | C56: 9669 | D56: =Table13[[#This Row],[Steps]]-C55 -> -1309 | E56: 377.5 | F56: =Table13[[#This Row],[Colories]]-E55 -> -46.2 | G56: 6.96 | H56: =Table13[[#This Row],[Distance]]-G55 -> -0.94 | I56: 90 | J56: =Table13[[#This Row],[Time]]-I55 -> -8
A57: 6 | B57: 43156 | C57: 19 | D57: =Table13[[#This Row],[Steps]]-C56 -> -9650 | E57: 0.8 | F57: =Table13[[#This Row],[Colories]]-E56 -> -376.7 | G57: 0.01 | H57: =Table13[[#This Row],[Distance]]-G56 -> -6.95 | I57: 1 | J57: =Table13[[#This Row],[Time]]-I56 -> -89
A58: 7 | B58: 43157 | C58: 6032 | D58: =Table13[[#This Row],[Steps]]-C57 -> 6013 | E58: 238.5 | F58: =Table13[[#This Row],[Colories]]-E57 -> 237.7 | G58: 4.34 | H58: =Table13[[#This Row],[Distance]]-G57 -> 4.33 | I58: 58 | J58: =Table13[[#This Row],[Time]]-I57 -> 57
A59: 8 | B59: 43158 | C59: 6961 | D59: =Table13[[#This Row],[Steps]]-C58 -> 929 | E59: 274.6 | F59: =Table13[[#This Row],[Colories]]-E58 -> 36.1 | G59: 5.01 | H59: =Table13[[#This Row],[Distance]]-G58 -> 0.67 | I59: 67 | J59: =Table13[[#This Row],[Time]]-I58 -> 9
A60: 9 | B60: 43159 | C60: 10596 | D60: =Table13[[#This Row],[Steps]]-C59 -> 3635 | E60: 407.6 | F60: =Table13[[#This Row],[Colories]]-E59 -> 133 | G60: 7.63 | H60: =Table13[[#This Row],[Distance]]-G59 -> 2.62 | I60: 93 | J60: =Table13[[#This Row],[Time]]-I59 -> 26
A61: 10 | B61: 43160 | C61: 17595 | D61: =Table13[[#This Row],[Steps]]-C60 -> 6999 | E61: 680.4 | F61: =Table13[[#This Row],[Colories]]-E60 -> 272.8 | G61: 12.67 | H61: =Table13[[#This Row],[Distance]]-G60 -> 5.04 | I61: 156 | J61: =Table13[[#This Row],[Time]]-I60 -> 63 | K61: March 2018 | L61: Steps | M61: Calories | N61: Distance | O61: Time
A62: 11 | B62: 43161 | C62: 11948 | D62: =Table13[[#This Row],[Steps]]-C61 -> -5647 | E62: 459.9 | F62: =Table13[[#This Row],[Colories]]-E61 -> -220.5 | G62: 8.6 | H62: =Table13[[#This Row],[Distance]]-G61 -> -4.07 | I62: 105 | J62: =Table13[[#This Row],[Time]]-I61 -> -51
A63: 12 | B63: 43162 | C63: 6050 | D63: =Table13[[#This Row],[Steps]]-C62 -> -5898 | E63: 241.4 | F63: =Table13[[#This Row],[Colories]]-E62 -> -218.5 | G63: 4.36 | H63: =Table13[[#This Row],[Distance]]-G62 -> -4.24 | I63: 61 | J63: =Table13[[#This Row],[Time]]-I62 -> -44 | K63: Mean | L63: 11413.833 | M63: 458.86333 | N63: 8.541 | O63: 106.8
A64: 13 | B64: 43163 | C64: 11937 | D64: =Table13[[#This Row],[Steps]]-C63 -> 5887 | E64: 466.8 | F64: =Table13[[#This Row],[Colories]]-E63 -> 225.4 | G64: 8.59 | H64: =Table13[[#This Row],[Distance]]-G63 -> 4.23 | I64: 111 | J64: =Table13[[#This Row],[Time]]-I63 -> 50 | K64: Standard Error | L64: 1130.7369 | M64: 41.744178 | N64: 0.7799271 | O64: 9.6987261
A65: 14 | B65: 43164 | C65: 6364 | D65: =Table13[[#This Row],[Steps]]-C64 -> -5573 | E65: 244.7 | F65: =Table13[[#This Row],[Colories]]-E64 -> -222.1 | G65: 4.58 | H65: =Table13[[#This Row],[Distance]]-G64 -> -4.01 | I65: 56 | J65: =Table13[[#This Row],[Time]]-I64 -> -55 | K65: Median | L65: 11942.5 | M65: 471 | N65: 8.73 | O65: 109
A66: 15 | B66: 43165 | C66: 18407 | D66: =Table13[[#This Row],[Steps]]-C65 -> 12043 | E66: 707.8 | F66: =Table13[[#This Row],[Colories]]-E65 -> 463.1 | G66: 13.25 | H66: =Table13[[#This Row],[Distance]]-G65 -> 8.67 | I66: 163 | J66: =Table13[[#This Row],[Time]]-I65 -> 107 | K66: Mode | L66: =#N/A -> #N/A | M66: 575.2 | N66: 5.61 | O66: =#N/A -> #N/A
A67: 16 | B67: 43166 | C67: 17410 | D67: =Table13[[#This Row],[Steps]]-C66 -> -997 | E67: 667.7 | F67: =Table13[[#This Row],[Colories]]-E66 -> -40.1 | G67: 12.54 | H67: =Table13[[#This Row],[Distance]]-G66 -> -0.71 | I67: 151 | J67: =Table13[[#This Row],[Time]]-I66 -> -12 | K67: Standard Deviation | L67: 6193.301 | M67: 228.64228 | N67: 4.2718367 | O67: 53.12211
A68: 17 | B68: 43167 | C68: 12306 | D68: =Table13[[#This Row],[Steps]]-C67 -> -5104 | E68: 476.3 | F68: =Table13[[#This Row],[Colories]]-E67 -> -191.4 | G68: 8.86 | H68: =Table13[[#This Row],[Distance]]-G67 -> -3.68 | I68: 110 | J68: =Table13[[#This Row],[Time]]-I67 -> -41 | K68: Sample Variance | L68: 38356978 | M68: 52277.291 | N68: 18.248589 | O68: 2821.9586
A69: 18 | B69: 43168 | C69: 13585 | D69: =Table13[[#This Row],[Steps]]-C68 -> 1279 | E69: 523.7 | F69: =Table13[[#This Row],[Colories]]-E68 -> 47.4 | G69: 9.78 | H69: =Table13[[#This Row],[Distance]]-G68 -> 0.92 | I69: 120 | J69: =Table13[[#This Row],[Time]]-I68 -> 10 | K69: Kurtosis | L69: 1.4956703 | M69: 1.6413963 | N69: 1.8136114 | O69: 1.098833
A70: 19 | B70: 43169 | C70: 17771 | D70: =Table13[[#This Row],[Steps]]-C69 -> 4186 | E70: 703.8 | F70: =Table13[[#This Row],[Colories]]-E69 -> 180.1 | G70: 12.8 | H70: =Table13[[#This Row],[Distance]]-G69 -> 3.02 | I70: 176 | J70: =Table13[[#This Row],[Time]]-I69 -> 56 | K70: Skewness | L70: 0.62242098 | M70: 0.60719482 | N70: 0.64613571 | O70: 0.50589276
A71: 20 | B71: 43170 | C71: 15938 | D71: =Table13[[#This Row],[Steps]]-C70 -> -1833 | E71: 612.6 | F71: =Table13[[#This Row],[Colories]]-E70 -> -91.2 | G71: 11.48 | H71: =Table13[[#This Row],[Distance]]-G70 -> -1.32 | I71: 141 | J71: =Table13[[#This Row],[Time]]-I70 -> -35 | K71: Range | L71: 29332 | M71: 1122.4 | N71: 21.12 | O71: 253
A72: 21 | B72: 43171 | C72: 30161 | D72: =Table13[[#This Row],[Steps]]-C71 -> 14223 | E72: 1154.9 | F72: =Table13[[#This Row],[Colories]]-E71 -> 542.3 | G72: 21.72 | H72: =Table13[[#This Row],[Distance]]-G71 -> 10.24 | I72: 261 | J72: =Table13[[#This Row],[Time]]-I71 -> 120 | K72: Minimum | L72: 829 | M72: 32.5 | N72: 0.6 | O72: 8
A73: 22 | B73: 43172 | C73: 7790 | D73: =Table13[[#This Row],[Steps]]-C72 -> -22371 | E73: 299.1 | F73: =Table13[[#This Row],[Colories]]-E72 -> -855.8 | G73: 5.61 | H73: =Table13[[#This Row],[Distance]]-G72 -> -16.11 | I73: 67 | J73: =Table13[[#This Row],[Time]]-I72 -> -194 | K73: Maximum | L73: 30161 | M73: 1154.9 | N73: 21.72 | O73: 261
A74: 23 | B74: 43173 | C74: 3534 | D74: =Table13[[#This Row],[Steps]]-C73 -> -4256 | E74: 135.8 | F74: =Table13[[#This Row],[Colories]]-E73 -> -163.3 | G74: 2.54 | H74: =Table13[[#This Row],[Distance]]-G73 -> -3.07 | I74: 30 | J74: =Table13[[#This Row],[Time]]-I73 -> -37 | K74: Sum | L74: 342415 | M74: 13765.9 | N74: 256.23 | O74: 3204
A75: 24 | B75: 43174 | C75: 6888 | D75: =Table13[[#This Row],[Steps]]-C74 -> 3354 | E75: 269.1 | F75: =Table13[[#This Row],[Colories]]-E74 -> 133.3 | G75: 4.96 | H75: =Table13[[#This Row],[Distance]]-G74 -> 2.42 | I75: 64 | J75: =Table13[[#This Row],[Time]]-I74 -> 34 | K75: Count | L75: 30 | M75: 30 | N75: 30 | O75: 30
A76: 25 | B76: 43175 | C76: 14933 | D76: =Table13[[#This Row],[Steps]]-C75 -> 8045 | E76: 575.2 | F76: =Table13[[#This Row],[Colories]]-E75 -> 306.1 | G76: 10.75 | H76: =Table13[[#This Row],[Distance]]-G75 -> 5.79 | I76: 132 | J76: =Table13[[#This Row],[Time]]-I75 -> 68 | K76: Largest(1) | L76: 30161 | M76: 1154.9 | N76: 21.72 | O76: 261
A77: 26 | B77: 43176 | C77: 16147 | D77: =Table13[[#This Row],[Steps]]-C76 -> 1214 | E77: 631.2 | F77: =Table13[[#This Row],[Colories]]-E76 -> 56 | G77: 11.63 | H77: =Table13[[#This Row],[Distance]]-G76 -> 0.88 | I77: 154 | J77: =Table13[[#This Row],[Time]]-I76 -> 22 | K77: Smallest(1) | L77: 829 | M77: 32.5 | N77: 0.6 | O77: 8
A78: 27 | B78: 43177 | C78: 8478 | D78: =Table13[[#This Row],[Steps]]-C77 -> -7669 | E78: 328.4 | F78: =Table13[[#This Row],[Colories]]-E77 -> -302.8 | G78: 6.1 | H78: =Table13[[#This Row],[Distance]]-G77 -> -5.53 | I78: 77 | J78: =Table13[[#This Row],[Time]]-I77 -> -77 | K78: Confidence Level(95,0%) | L78: 2312.6166 | M78: 85.37643 | N78: 1.59513 | O78: 19.836122
A79: 28 | B79: 43178 | C79: 16380 | D79: =Table13[[#This Row],[Steps]]-C78 -> 7902 | E79: 634.7 | F79: =Table13[[#This Row],[Colories]]-E78 -> 306.3 | G79: 11.79 | H79: =Table13[[#This Row],[Distance]]-G78 -> 5.69 | I79: 146 | J79: =Table13[[#This Row],[Time]]-I78 -> 69
A80: 29 | B80: 43179 | C80: 7792 | D80: =Table13[[#This Row],[Steps]]-C79 -> -8588 | E80: 300.2 | F80: =Table13[[#This Row],[Colories]]-E79 -> -334.5 | G80: 5.61 | H80: =Table13[[#This Row],[Distance]]-G79 -> -6.18 | I80: 69 | J80: =Table13[[#This Row],[Time]]-I79 -> -77
A81: 30 | B81: 43180 | C81: 2363 | D81: =Table13[[#This Row],[Steps]]-C80 -> -5429 | E81: 91.2 | F81: =Table13[[#This Row],[Colories]]-E80 -> -209 | G81: 1.7 | H81: =Table13[[#This Row],[Distance]]-G80 -> -3.91 | I81: 21 | J81: =Table13[[#This Row],[Time]]-I80 -> -48
A82: 1 | B82: 43181 | C82: 12362 | D82: =Table13[[#This Row],[Steps]]-C81 -> 9999 | E82: 475.2 | F82: =Table13[[#This Row],[Colories]]-E81 -> 384 | G82: 8.9 | H82: =Table13[[#This Row],[Distance]]-G81 -> 7.2 | I82: 108 | J82: =Table13[[#This Row],[Time]]-I81 -> 87
A83: 2 | B83: 43182 | C83: 7985 | D83: =Table13[[#This Row],[Steps]]-C82 -> -4377 | E83: 307.9 | F83: =Table13[[#This Row],[Colories]]-E82 -> -167.3 | G83: 5.75 | H83: =Table13[[#This Row],[Distance]]-G82 -> -3.15 | I83: 70 | J83: =Table13[[#This Row],[Time]]-I82 -> -38
A84: 3 | B84: 43183 | C84: 6762 | D84: =Table13[[#This Row],[Steps]]-C83 -> -1223 | E84: 260.3 | F84: =Table13[[#This Row],[Colories]]-E83 -> -47.6 | G84: 4.87 | H84: =Table13[[#This Row],[Distance]]-G83 -> -0.88 | I84: 60 | J84: =Table13[[#This Row],[Time]]-I83 -> -10
A85: 4 | B85: 43184 | C85: 829 | D85: =Table13[[#This Row],[Steps]]-C84 -> -5933 | E85: 32.5 | F85: =Table13[[#This Row],[Colories]]-E84 -> -227.8 | G85: 0.6 | H85: =Table13[[#This Row],[Distance]]-G84 -> -4.27 | I85: 8 | J85: =Table13[[#This Row],[Time]]-I84 -> -52
A86: 5 | B86: 43185 | C86: 1496 | D86: =Table13[[#This Row],[Steps]]-C85 -> 667 | E86: 576.4 | F86: =Table13[[#This Row],[Colories]]-E85 -> 543.9 | G86: 10.77 | H86: =Table13[[#This Row],[Distance]]-G85 -> 10.17 | I86: 134 | J86: =Table13[[#This Row],[Time]]-I85 -> 126
A87: 6 | B87: 43186 | C87: 10711 | D87: =Table13[[#This Row],[Steps]]-C86 -> 9215 | E87: 410.6 | F87: =Table13[[#This Row],[Colories]]-E86 -> -165.8 | G87: 7.71 | H87: =Table13[[#This Row],[Distance]]-G86 -> -3.06 | I87: 92 | J87: =Table13[[#This Row],[Time]]-I86 -> -42
A88: 7 | B88: 43187 | C88: 10600 | D88: =Table13[[#This Row],[Steps]]-C87 -> -111 | E88: 408.3 | F88: =Table13[[#This Row],[Colories]]-E87 -> -2.3 | G88: 7.63 | H88: =Table13[[#This Row],[Distance]]-G87 -> -0.08 | I88: 94 | J88: =Table13[[#This Row],[Time]]-I87 -> 2
A89: 8 | B89: 43188 | C89: 14791 | D89: =Table13[[#This Row],[Steps]]-C88 -> 4191 | E89: 575.2 | F89: =Table13[[#This Row],[Colories]]-E88 -> 166.9 | G89: 10.65 | H89: =Table13[[#This Row],[Distance]]-G88 -> 3.02 | I89: 138 | J89: =Table13[[#This Row],[Time]]-I88 -> 44
A90: 9 | B90: 43189 | C90: 13376 | D90: =Table13[[#This Row],[Steps]]-C89 -> -1415 | E90: 519.2 | F90: =Table13[[#This Row],[Colories]]-E89 -> -56 | G90: 9.63 | H90: =Table13[[#This Row],[Distance]]-G89 -> -1.02 | I90: 123 | J90: =Table13[[#This Row],[Time]]-I89 -> -15
A91: 10 | B91: 43190 | C91: 17321 | D91: =Table13[[#This Row],[Steps]]-C90 -> 3945 | E91: 675.8 | F91: =Table13[[#This Row],[Colories]]-E90 -> 156.6 | G91: 12.47 | H91: =Table13[[#This Row],[Distance]]-G90 -> 2.84 | I91: 162 | J91: =Table13[[#This Row],[Time]]-I90 -> 39
A92: 11 | B92: 43191 | C92: 14535 | D92: =Table13[[#This Row],[Steps]]-C91 -> -2786 | E92: 561 | F92: =Table13[[#This Row],[Colories]]-E91 -> -114.8 | G92: 10.47 | H92: =Table13[[#This Row],[Distance]]-G91 -> -2 | I92: 129 | J92: =Table13[[#This Row],[Time]]-I91 -> -33 | K92: April 2018 | L92: Steps | M92: Calories | N92: Distance | O92: Time
A93: 12 | B93: 43192 | C93: 11316 | D93: =Table13[[#This Row],[Steps]]-C92 -> -3219 | E93: 433 | F93: =Table13[[#This Row],[Colories]]-E92 -> -128 | G93: 8.15 | H93: =Table13[[#This Row],[Distance]]-G92 -> -2.32 | I93: 97 | J93: =Table13[[#This Row],[Time]]-I92 -> -32
A94: 13 | B94: 43193 | C94: 12024 | D94: =Table13[[#This Row],[Steps]]-C93 -> 708 | E94: 462.7 | F94: =Table13[[#This Row],[Colories]]-E93 -> 29.7 | G94: 8.66 | H94: =Table13[[#This Row],[Distance]]-G93 -> 0.51 | I94: 106 | J94: =Table13[[#This Row],[Time]]-I93 -> 9 | K94: Mean | L94: 10963.967 | M94: 423.55333 | N94: 7.8946667 | O94: -2.3333333
A95: 14 | B95: 43194 | C95: 9064 | D95: =Table13[[#This Row],[Steps]]-C94 -> -2960 | E95: 347.9 | F95: =Table13[[#This Row],[Colories]]-E94 -> -114.8 | G95: 6.53 | H95: =Table13[[#This Row],[Distance]]-G94 -> -2.13 | I95: 79 | J95: =Table13[[#This Row],[Time]]-I94 -> -27 | K95: Standard Error | L95: 693.09744 | M95: 26.838221 | N95: 0.4990602 | O95: 9.1272402
A96: 15 | B96: 43195 | C96: 13672 | D96: =Table13[[#This Row],[Steps]]-C95 -> 4608 | E96: 524.9 | F96: =Table13[[#This Row],[Colories]]-E95 -> 177 | G96: 9.84 | H96: =Table13[[#This Row],[Distance]]-G95 -> 3.31 | I96: 118 | J96: =Table13[[#This Row],[Time]]-I95 -> 39 | K96: Median | L96: 10595 | M96: 407.65 | N96: 7.63 | O96: -8.5
A97: 16 | B97: 43196 | C97: 6921 | D97: =Table13[[#This Row],[Steps]]-C96 -> -6751 | E97: 270.7 | F97: =Table13[[#This Row],[Colories]]-E96 -> -254.2 | G97: 4.98 | H97: =Table13[[#This Row],[Distance]]-G96 -> -4.86 | I97: 63 | J97: =Table13[[#This Row],[Time]]-I96 -> -55 | K97: Mode | L97: =#N/A -> #N/A | M97: =#N/A -> #N/A | N97: =#N/A -> #N/A | O97: -24
A98: 17 | B98: 43197 | C98: 6065 | D98: =Table13[[#This Row],[Steps]]-C97 -> -856 | E98: 234.8 | F98: =Table13[[#This Row],[Colories]]-E97 -> -35.9 | G98: 4.37 | H98: =Table13[[#This Row],[Distance]]-G97 -> -0.61 | I98: 55 | J98: =Table13[[#This Row],[Time]]-I97 -> -8 | K98: Standard Deviation | L98: 3796.251 | M98: 146.99899 | N98: 2.7334653 | O98: 49.991953
A99: 18 | B99: 43198 | C99: 6032 | D99: =Table13[[#This Row],[Steps]]-C98 -> -33 | E99: 241.7 | F99: =Table13[[#This Row],[Colories]]-E98 -> 6.9 | G99: 4.34 | H99: =Table13[[#This Row],[Distance]]-G98 -> -0.03 | I99: 61 | J99: =Table13[[#This Row],[Time]]-I98 -> 6 | K99: Sample Variance | L99: 14411522 | M99: 21608.703 | N99: 7.4718326 | O99: 2499.1954
A100: 19 | B100: 43199 | C100: 12087 | D100: =Table13[[#This Row],[Steps]]-C99 -> 6055 | E100: 463.4 | F100: =Table13[[#This Row],[Colories]]-E99 -> 221.7 | G100: 8.7 | H100: =Table13[[#This Row],[Distance]]-G99 -> 4.36 | I100: 105 | J100: =Table13[[#This Row],[Time]]-I99 -> 44 | K100: Kurtosis | L100: -0.66702176 | M100: -0.59601603 | N100: -0.66763707 | O100: -0.31433904
...

Sheet 2019
A1: Number | B1: Day | C1: Steps | D1: Difference | E1: Colories | F1: Difference of C | G1: Distance | H1: Difference of D | I1: Time | J1: Difference of time
A2: 1 | B2: 43466 | C2: 7034 | D2: =Table134[[#This Row],[Steps]]-C1 -> #VALUE! | E2: 280.3 | F2: =Table134[[#This Row],[Colories]]-E1 -> #VALUE! | G2: 5.06 | H2: =Table134[[#This Row],[Distance]]-G1 -> #VALUE! | I2: 68 | J2: =Table134[[#This Row],[Time]]-I1 -> #VALUE! | M2: Steps | N2: Calories | O2: Distance | P2: Time | S2: Steps | T2: Calories | U2: Distance | V2: Time
A3: 2 | B3: 43467 | C3: 16097 | D3: =Table134[[#This Row],[Steps]]-C2 -> 9063 | E3: 619.6 | F3: =Table134[[#This Row],[Colories]]-E2 -> 339.3 | G3: 11.59 | H3: =Table134[[#This Row],[Distance]]-G2 -> 6.53 | I3: 142 | J3: =Table134[[#This Row],[Time]]-I2 -> 74 | L3: Mean | M3: 7567.5484 | N3: 293.74839 | O3: 5.4487097 | P3: 68.741935 | R3: Mean | S3: =AVERAGE($C$1:$C$366) -> 11072.754 | T3: =AVERAGE($E$1:$E$366) -> 448.76215 | U3: =AVERAGE($G$1:$G$366) -> 7.9732873 | V3: =AVERAGE($I$1:$I$366) -> 106.16298
A4: 3 | B4: 43468 | C4: 8016 | D4: =Table134[[#This Row],[Steps]]-C3 -> -8081 | E4: 306.6 | F4: =Table134[[#This Row],[Colories]]-E3 -> -313 | G4: 5.77 | H4: =Table134[[#This Row],[Distance]]-G3 -> -5.82 | I4: 68 | J4: =Table134[[#This Row],[Time]]-I3 -> -74 | L4: Standard Error | M4: 765.36704 | N4: 29.262811 | O4: 0.55104197 | P4: 6.7000189 | R4: Standard Error | S4: =SQRT(VAR($C$1:$C$366)/COUNT($C$1:$C$366)) -> 312.8468 | T4: =SQRT(VAR($E$1:$E$366)/COUNT($E$1:$E$366)) -> 12.870777 | U4: =SQRT(VAR($G$1:$G$366)/COUNT($G$1:$G$366)) -> 0.22523452 | V4: =SQRT(VAR($I$1:$I$366)/COUNT($I$1:$I$366)) -> 3.0792069
A5: 4 | B5: 43469 | C5: 5968 | D5: =Table134[[#This Row],[Steps]]-C4 -> -2048 | E5: 231.9 | F5: =Table134[[#This Row],[Colories]]-E4 -> -74.7 | G5: 4.3 | H5: =Table134[[#This Row],[Distance]]-G4 -> -1.47 | I5: 55 | J5: =Table134[[#This Row],[Time]]-I4 -> -13 | L5: Median | M5: 7653 | N5: 299.2 | O5: 5.51 | P5: 71 | R5: Mode | S5: =MODE($C$1:$C$366) -> 0 | T5: =MODE($E$1:$E$366) -> 0 | U5: =MODE($G$1:$G$366) -> 0 | V5: =MODE($I$1:$I$366) -> 0
A6: 5 | B6: 43470 | C6: 6677 | D6: =Table134[[#This Row],[Steps]]-C5 -> 709 | E6: 258.2 | F6: =Table134[[#This Row],[Colories]]-E5 -> 26.3 | G6: 4.81 | H6: =Table134[[#This Row],[Distance]]-G5 -> 0.51 | I6: 60 | J6: =Table134[[#This Row],[Time]]-I5 -> 5 | L6: Mode | M6: =#N/A -> #N/A | N6: =#N/A -> #N/A | O6: 5.06 | P6: 68 | R6: Median | S6: =MEDIAN($C$1:$C$366) -> 10933 | T6: =MEDIAN($E$1:$E$366) -> 441.35 | U6: =MEDIAN($G$1:$G$366) -> 7.87 | V6: =MEDIAN($I$1:$I$366) -> 103
A7: 6 | B7: 43471 | C7: 7640 | D7: =Table134[[#This Row],[Steps]]-C6 -> 963 | E7: 299.2 | F7: =Table134[[#This Row],[Colories]]-E6 -> 41 | G7: 5.5 | H7: =Table134[[#This Row],[Distance]]-G6 -> 0.69 | I7: 73 | J7: =Table134[[#This Row],[Time]]-I6 -> 13 | L7: Standard Deviation | M7: 4261.3833 | N7: 162.92844 | O7: 3.0680719 | P7: 37.304126 | R7: First Quartile | S7: =QUARTILE($C$1:$C$366, 1) -> 7125.5 | T7: =QUARTILE($E$1:$E$366, 1) -> 285.975 | U7: =QUARTILE($G$1:$G$366, 1) -> 5.13 | V7: =QUARTILE($I$1:$I$366, 1) -> 69
A8: 7 | B8: 43472 | C8: 8177 | D8: =Table134[[#This Row],[Steps]]-C7 -> 537 | E8: 312.4 | F8: =Table134[[#This Row],[Colories]]-E7 -> 13.2 | G8: 5.89 | H8: =Table134[[#This Row],[Distance]]-G7 -> 0.39 | I8: 69 | J8: =Table134[[#This Row],[Time]]-I7 -> -4 | L8: Sample Variance | M8: 18159388 | N8: 26545.675 | O8: 9.4130649 | P8: 1391.5978 | R8: Third Quartile | S8: =QUARTILE($C$1:$C$366, 3) -> 14430.75 | T8: =QUARTILE($E$1:$E$366, 3) -> 577.35 | U8: =QUARTILE($G$1:$G$366, 3) -> 10.3925 | V8: =QUARTILE($I$1:$I$366, 3) -> 136
A9: 8 | B9: 43473 | C9: 8714 | D9: =Table134[[#This Row],[Steps]]-C8 -> 537 | E9: 334 | F9: =Table134[[#This Row],[Colories]]-E8 -> 21.6 | G9: 6.27 | H9: =Table134[[#This Row],[Distance]]-G8 -> 0.38 | I9: 75 | J9: =Table134[[#This Row],[Time]]-I8 -> 6 | L9: Kurtosis | M9: -0.35198853 | N9: -0.31686556 | O9: -0.35322254 | P9: -0.26940495 | R9: Variance | S9: =VAR($C$1:$C$366) -> 35430070 | T9: =VAR($E$1:$E$366) -> 59967.794 | U9: =VAR($G$1:$G$366) -> 18.364473 | V9: =VAR($I$1:$I$366) -> 3432.3085
A10: 9 | B10: 43474 | C10: 14935 | D10: =Table134[[#This Row],[Steps]]-C9 -> 6221 | E10: 575.7 | F10: =Table134[[#This Row],[Colories]]-E9 -> 241.7 | G10: 10.75 | H10: =Table134[[#This Row],[Distance]]-G9 -> 4.48 | I10: 134 | J10: =Table134[[#This Row],[Time]]-I9 -> 59 | L10: Skewness | M10: 0.065405486 | N10: 0.042845038 | O10: 0.064755095 | P10: -0.0090579534 | R10: Standard Deviation | S10: =STDEV($C$1:$C$366) -> 5952.3164 | T10: =STDEV($E$1:$E$366) -> 244.88323 | U10: =STDEV($G$1:$G$366) -> 4.2853789 | V10: =STDEV($I$1:$I$366) -> 58.585907
A11: 10 | B11: 43475 | C11: 11718 | D11: =Table134[[#This Row],[Steps]]-C10 -> -3217 | E11: 449 | F11: =Table134[[#This Row],[Colories]]-E10 -> -126.7 | G11: 8.44 | H11: =Table134[[#This Row],[Distance]]-G10 -> -2.31 | I11: 101 | J11: =Table134[[#This Row],[Time]]-I10 -> -33 | L11: Range | M11: 15853 | N11: 609.5 | O11: 11.41 | P11: 140 | R11: Kurtosis | S11: =KURT($C$1:$C$366) -> 1.8097609 | T11: =KURT($E$1:$E$366) -> 2.4449145 | U11: =KURT($G$1:$G$366) -> 1.8097786 | V11: =KURT($I$1:$I$366) -> 3.2947936
A12: 11 | B12: 43476 | C12: 7024 | D12: =Table134[[#This Row],[Steps]]-C11 -> -4694 | E12: 282.2 | F12: =Table134[[#This Row],[Colories]]-E11 -> -166.8 | G12: 5.06 | H12: =Table134[[#This Row],[Distance]]-G11 -> -3.38 | I12: 71 | J12: =Table134[[#This Row],[Time]]-I11 -> -30 | L12: Minimum | M12: 244 | N12: 10.1 | O12: 0.18 | P12: 2 | R12: Skewness | S12: =SKEW($C$1:$C$366) -> 0.78146534 | T12: =SKEW($E$1:$E$366) -> 0.94646687 | U12: =SKEW($G$1:$G$366) -> 0.78169697 | V12: =SKEW($I$1:$I$366) -> 1.1392627
A13: 12 | B13: 43477 | C13: 3269 | D13: =Table134[[#This Row],[Steps]]-C12 -> -3755 | E13: 129.6 | F13: =Table134[[#This Row],[Colories]]-E12 -> -152.6 | G13: 2.35 | H13: =Table134[[#This Row],[Distance]]-G12 -> -2.71 | I13: 32 | J13: =Table134[[#This Row],[Time]]-I12 -> -39 | L13: Maximum | M13: 16097 | N13: 619.6 | O13: 11.59 | P13: 142 | R13: Range | S13: =MAX($C$1:$C$366)-MIN($C$1:$C$366) -> 35974 | T13: =MAX($E$1:$E$366)-MIN($E$1:$E$366) -> 1515.1 | U13: =MAX($G$1:$G$366)-MIN($G$1:$G$366) -> 25.9 | V13: =MAX($I$1:$I$366)-MIN($I$1:$I$366) -> 371
A14: 13 | B14: 43478 | C14: 929 | D14: =Table134[[#This Row],[Steps]]-C13 -> -2340 | E14: 37.6 | F14: =Table134[[#This Row],[Colories]]-E13 -> -92 | G14: 0.67 | H14: =Table134[[#This Row],[Distance]]-G13 -> -1.68 | I14: 9 | J14: =Table134[[#This Row],[Time]]-I13 -> -23 | L14: Sum | M14: 234594 | N14: 9106.2 | O14: 168.91 | P14: 2131 | R14: Minimum | S14: =MIN($C$1:$C$366) -> 0 | T14: =MIN($E$1:$E$366) -> 0 | U14: =MIN($G$1:$G$366) -> 0 | V14: =MIN($I$1:$I$366) -> 0
A15: 14 | B15: 43479 | C15: 244 | D15: =Table134[[#This Row],[Steps]]-C14 -> -685 | E15: 10.1 | F15: =Table134[[#This Row],[Colories]]-E14 -> -27.5 | G15: 0.18 | H15: =Table134[[#This Row],[Distance]]-G14 -> -0.49 | I15: 2 | J15: =Table134[[#This Row],[Time]]-I14 -> -7 | L15: Count | M15: 31 | N15: 31 | O15: 31 | P15: 31 | R15: Maximum | S15: =MAX($C$1:$C$366) -> 35974 | T15: =MAX($E$1:$E$366) -> 1515.1 | U15: =MAX($G$1:$G$366) -> 25.9 | V15: =MAX($I$1:$I$366) -> 371
A16: 15 | B16: 43480 | C16: 516 | D16: =Table134[[#This Row],[Steps]]-C15 -> 272 | E16: 21.9 | F16: =Table134[[#This Row],[Colories]]-E15 -> 11.8 | G16: 0.37 | H16: =Table134[[#This Row],[Distance]]-G15 -> 0.19 | I16: 6 | J16: =Table134[[#This Row],[Time]]-I15 -> 4 | L16: Largest(1) | M16: 16097 | N16: 619.6 | O16: 11.59 | P16: 142 | R16: Sum | S16: =SUM($C$1:$C$366) -> 4008337 | T16: =SUM($E$1:$E$366) -> 162451.9 | U16: =SUM($G$1:$G$366) -> 2886.33 | V16: =SUM($I$1:$I$366) -> 38431
A17: 16 | B17: 43481 | C17: 3596 | D17: =Table134[[#This Row],[Steps]]-C16 -> 3080 | E17: 149 | F17: =Table134[[#This Row],[Colories]]-E16 -> 127.1 | G17: 2.59 | H17: =Table134[[#This Row],[Distance]]-G16 -> 2.22 | I17: 39 | J17: =Table134[[#This Row],[Time]]-I16 -> 33 | L17: Smallest(1) | M17: 244 | N17: 10.1 | O17: 0.18 | P17: 2 | R17: Count | S17: =COUNT($C$1:$C$366) -> 362 | T17: =COUNT($E$1:$E$366) -> 362 | U17: =COUNT($G$1:$G$366) -> 362 | V17: =COUNT($I$1:$I$366) -> 362
A18: 17 | B18: 43482 | C18: 8261 | D18: =Table134[[#This Row],[Steps]]-C17 -> 4665 | E18: 326 | F18: =Table134[[#This Row],[Colories]]-E17 -> 177 | G18: 5.95 | H18: =Table134[[#This Row],[Distance]]-G17 -> 3.36 | I18: 80 | J18: =Table134[[#This Row],[Time]]-I17 -> 41 | L18: Confidence Level(95,0%) | M18: 1563.088 | N18: 59.762633 | O18: 1.1253778 | P18: 13.683264
A19: 18 | B19: 43483 | C19: 1102 | D19: =Table134[[#This Row],[Steps]]-C18 -> -7159 | E19: 46.2 | F19: =Table134[[#This Row],[Colories]]-E18 -> -279.8 | G19: 0.79 | H19: =Table134[[#This Row],[Distance]]-G18 -> -5.16 | I19: 12 | J19: =Table134[[#This Row],[Time]]-I18 -> -68
A20: 19 | B20: 43484 | C20: 1738 | D20: =Table134[[#This Row],[Steps]]-C19 -> 636 | E20: 67 | F20: =Table134[[#This Row],[Colories]]-E19 -> 20.8 | G20: 1.25 | H20: =Table134[[#This Row],[Distance]]-G19 -> 0.46 | I20: 15 | J20: =Table134[[#This Row],[Time]]-I19 -> 3
A21: 20 | B21: 43485 | C21: 7425 | D21: =Table134[[#This Row],[Steps]]-C20 -> 5687 | E21: 295.3 | F21: =Table134[[#This Row],[Colories]]-E20 -> 228.3 | G21: 5.35 | H21: =Table134[[#This Row],[Distance]]-G20 -> 4.1 | I21: 74 | J21: =Table134[[#This Row],[Time]]-I20 -> 59
A22: 21 | B22: 43486 | C22: 12745 | D22: =Table134[[#This Row],[Steps]]-C21 -> 5320 | E22: 489.8 | F22: =Table134[[#This Row],[Colories]]-E21 -> 194.5 | G22: 9.18 | H22: =Table134[[#This Row],[Distance]]-G21 -> 3.83 | I22: 113 | J22: =Table134[[#This Row],[Time]]-I21 -> 39
A23: 22 | B23: 43487 | C23: 8178 | D23: =Table134[[#This Row],[Steps]]-C22 -> -4567 | E23: 313.4 | F23: =Table134[[#This Row],[Colories]]-E22 -> -176.4 | G23: 5.89 | H23: =Table134[[#This Row],[Distance]]-G22 -> -3.29 | I23: 71 | J23: =Table134[[#This Row],[Time]]-I22 -> -42
A24: 23 | B24: 43488 | C24: 12136 | D24: =Table134[[#This Row],[Steps]]-C23 -> 3958 | E24: 466.2 | F24: =Table134[[#This Row],[Colories]]-E23 -> 152.8 | G24: 8.74 | H24: =Table134[[#This Row],[Distance]]-G23 -> 2.85 | I24: 107 | J24: =Table134[[#This Row],[Time]]-I23 -> 36
A25: 24 | B25: 43489 | C25: 10130 | D25: =Table134[[#This Row],[Steps]]-C24 -> -2006 | E25: 389.1 | F25: =Table134[[#This Row],[Colories]]-E24 -> -77.1 | G25: 7.29 | H25: =Table134[[#This Row],[Distance]]-G24 -> -1.45 | I25: 89 | J25: =Table134[[#This Row],[Time]]-I24 -> -18
A26: 25 | B26: 43490 | C26: 15187 | D26: =Table134[[#This Row],[Steps]]-C25 -> 5057 | E26: 585.4 | F26: =Table134[[#This Row],[Colories]]-E25 -> 196.3 | G26: 10.93 | H26: =Table134[[#This Row],[Distance]]-G25 -> 3.64 | I26: 136 | J26: =Table134[[#This Row],[Time]]-I25 -> 47
A27: 26 | B27: 43491 | C27: 4555 | D27: =Table134[[#This Row],[Steps]]-C26 -> -10632 | E27: 177.8 | F27: =Table134[[#This Row],[Colories]]-E26 -> -407.6 | G27: 3.28 | H27: =Table134[[#This Row],[Distance]]-G26 -> -7.65 | I27: 40 | J27: =Table134[[#This Row],[Time]]-I26 -> -96
A28: 27 | B28: 43492 | C28: 6393 | D28: =Table134[[#This Row],[Steps]]-C27 -> 1838 | E28: 253.1 | F28: =Table134[[#This Row],[Colories]]-E27 -> 75.3 | G28: 4.6 | H28: =Table134[[#This Row],[Distance]]-G27 -> 1.32 | I28: 62 | J28: =Table134[[#This Row],[Time]]-I27 -> 22
A29: 28 | B29: 43493 | C29: 9591 | D29: =Table134[[#This Row],[Steps]]-C28 -> 3198 | E29: 372.1 | F29: =Table134[[#This Row],[Colories]]-E28 -> 119 | G29: 6.91 | H29: =Table134[[#This Row],[Distance]]-G28 -> 2.31 | I29: 88 | J29: =Table134[[#This Row],[Time]]-I28 -> 26
A30: 29 | B30: 43494 | C30: 8414 | D30: =Table134[[#This Row],[Steps]]-C29 -> -1177 | E30: 325.3 | F30: =Table134[[#This Row],[Colories]]-E29 -> -46.8 | G30: 6.06 | H30: =Table134[[#This Row],[Distance]]-G29 -> -0.85 | I30: 76 | J30: =Table134[[#This Row],[Time]]-I29 -> -12
... A33: 13 | B33: 43497 | C33: 16006 | D33: =Table134[[#This Row],[Steps]]-C32 -> 8353 | E33: 626.1 | F33: =Table134[[#This Row],[Colories]]-E32 -> 329.3 | G33: 11.52 | H33: =Table134[[#This Row],[Distance]]-G32 -> 6.01 | I33: 152 | J33: =Table134[[#This Row],[Time]]-I32 -> 82
A34: 14 | B34: 43498 | C34: 12965 | D34: =Table134[[#This Row],[Steps]]-C33 -> -3041 | E34: 506.5 | F34: =Table134[[#This Row],[Colories]]-E33 -> -119.6 | G34: 9.33 | H34: =Table134[[#This Row],[Distance]]-G33 -> -2.19 | I34: 119 | J34: =Table134[[#This Row],[Time]]-I33 -> -33 | M34: Steps | N34: Calories | O34: Distance | P34: Time
A35: 15 | B35: 43499 | C35: 12507 | D35: =Table134[[#This Row],[Steps]]-C34 -> -458 | E35: 485.3 | F35: =Table134[[#This Row],[Colories]]-E34 -> -21.2 | G35: 9.01 | H35: =Table134[[#This Row],[Distance]]-G34 -> -0.32 | I35: 115 | J35: =Table134[[#This Row],[Time]]-I34 -> -4 | L35: Mean | M35: 10667.607 | N35: 414.07857 | O35: 7.6817857 | P35: 97.642857
A36: 16 | B36: 43500 | C36: 10570 | D36: =Table134[[#This Row],[Steps]]-C35 -> -1937 | E36: 415.5 | F36: =Table134[[#This Row],[Colories]]-E35 -> -69.8 | G36: 7.61 | H36: =Table134[[#This Row],[Distance]]-G35 -> -1.4 | I36: 100 | J36: =Table134[[#This Row],[Time]]-I35 -> -15 | L36: Standard Error | M36: 748.66391 | N36: 29.047751 | O36: 0.53910813 | P36: 6.9259527
A37: 17 | B37: 43501 | C37: 11372 | D37: =Table134[[#This Row],[Steps]]-C36 -> 802 | E37: 439.9 | F37: =Table134[[#This Row],[Colories]]-E36 -> 24.4 | G37: 8.19 | H37: =Table134[[#This Row],[Distance]]-G36 -> 0.58 | I37: 103 | J37: =Table134[[#This Row],[Time]]-I36 -> 3 | L37: Median | M37: 10971 | N37: 427.7 | O37: 7.9 | P37: 101.5
A38: 18 | B38: 43502 | C38: 11896 | D38: =Table134[[#This Row],[Steps]]-C37 -> 524 | E38: 461.8 | F38: =Table134[[#This Row],[Colories]]-E37 -> 21.9 | G38: 8.57 | H38: =Table134[[#This Row],[Distance]]-G37 -> 0.38 | I38: 109 | J38: =Table134[[#This Row],[Time]]-I37 -> 6 | L38: Mode | M38: =#N/A -> #N/A | N38: =#N/A -> #N/A | O38: =#N/A -> #N/A | P38: 109
A39: 19 | B39: 43503 | C39: 7966 | D39: =Table134[[#This Row],[Steps]]-C38 -> -3930 | E39: 308.2 | F39: =Table134[[#This Row],[Colories]]-E38 -> -153.6 | G39: 5.74 | H39: =Table134[[#This Row],[Distance]]-G38 -> -2.83 | I39: 72 | J39: =Table134[[#This Row],[Time]]-I38 -> -37 | L39: Standard Deviation | M39: 3961.5571 | N39: 153.70625 | O39: 2.8526921 | P39: 36.648697
A40: 20 | B40: 43504 | C40: 6626 | D40: =Table134[[#This Row],[Steps]]-C39 -> -1340 | E40: 256.3 | F40: =Table134[[#This Row],[Colories]]-E39 -> -51.9 | G40: 4.77 | H40: =Table134[[#This Row],[Distance]]-G39 -> -0.97 | I40: 60 | J40: =Table134[[#This Row],[Time]]-I39 -> -12 | L40: Sample Variance | M40: 15693934 | N40: 23625.612 | O40: 8.1378522 | P40: 1343.127
A41: 21 | B41: 43505 | C41: 14037 | D41: =Table134[[#This Row],[Steps]]-C40 -> 7411 | E41: 551.8 | F41: =Table134[[#This Row],[Colories]]-E40 -> 295.5 | G41: 10.11 | H41: =Table134[[#This Row],[Distance]]-G40 -> 5.34 | I41: 136 | J41: =Table134[[#This Row],[Time]]-I40 -> 76 | L41: Kurtosis | M41: 0.061998543 | N41: 0.012420652 | O41: 0.060462577 | P41: -0.098277498
A42: 22 | B42: 43506 | C42: 3912 | D42: =Table134[[#This Row],[Steps]]-C41 -> -10125 | E42: 158.2 | F42: =Table134[[#This Row],[Colories]]-E41 -> -393.6 | G42: 2.82 | H42: =Table134[[#This Row],[Distance]]-G41 -> -7.29 | I42: 41 | J42: =Table134[[#This Row],[Time]]-I41 -> -95 | L42: Skewness | M42: -0.53006 | N42: -0.51110997 | O42: -0.52947683 | P42: -0.44258206
A43: 23 | B43: 43507 | C43: 15969 | D43: =Table134[[#This Row],[Steps]]-C42 -> 12057 | E43: 618.6 | F43: =Table134[[#This Row],[Colories]]-E42 -> 460.4 | G43: 11.5 | H43: =Table134[[#This Row],[Distance]]-G42 -> 8.68 | I43: 145 | J43: =Table134[[#This Row],[Time]]-I42 -> 104 | L43: Range | M43: 15790 | N43: 609 | O43: 11.37 | P43: 147
A44: 24 | B44: 43508 | C44: 13332 | D44: =Table134[[#This Row],[Steps]]-C43 -> -2637 | E44: 513.2 | F44: =Table134[[#This Row],[Colories]]-E43 -> -105.4 | G44: 9.6 | H44: =Table134[[#This Row],[Distance]]-G43 -> -1.9 | I44: 118 | J44: =Table134[[#This Row],[Time]]-I43 -> -27 | L44: Minimum | M44: 540 | N44: 22.2 | O44: 0.39 | P44: 5
A45: 25 | B45: 43509 | C45: 6443 | D45: =Table134[[#This Row],[Steps]]-C44 -> -6889 | E45: 251.3 | F45: =Table134[[#This Row],[Colories]]-E44 -> -261.9 | G45: 4.64 | H45: =Table134[[#This Row],[Distance]]-G44 -> -4.96 | I45: 59 | J45: =Table134[[#This Row],[Time]]-I44 -> -59 | L45: Maximum | M45: 16330 | N45: 631.2 | O45: 11.76 | P45: 152
A46: 26 | B46: 43510 | C46: 12146 | D46: =Table134[[#This Row],[Steps]]-C45 -> 5703 | E46: 469.2 | F46: =Table134[[#This Row],[Colories]]-E45 -> 217.9 | G46: 8.75 | H46: =Table134[[#This Row],[Distance]]-G45 -> 4.11 | I46: 109 | J46: =Table134[[#This Row],[Time]]-I45 -> 50 | L46: Sum | M46: 298693 | N46: 11594.2 | O46: 215.09 | P46: 2734
A47: 27 | B47: 43511 | C47: 16299 | D47: =Table134[[#This Row],[Steps]]-C46 -> 4153 | E47: 629.4 | F47: =Table134[[#This Row],[Colories]]-E46 -> 160.2 | G47: 11.74 | H47: =Table134[[#This Row],[Distance]]-G46 -> 2.99 | I47: 147 | J47: =Table134[[#This Row],[Time]]-I46 -> 38 | L47: Count | M47: 28 | N47: 28 | O47: 28 | P47: 28
A48: 28 | B48: 43512 | C48: 9470 | D48: =Table134[[#This Row],[Steps]]-C47 -> -6829 | E48: 370.3 | F48: =Table134[[#This Row],[Colories]]-E47 -> -259.1 | G48: 6.82 | H48: =Table134[[#This Row],[Distance]]-G47 -> -4.92 | I48: 89 | J48: =Table134[[#This Row],[Time]]-I47 -> -58 | L48: Largest(1) | M48: 16330 | N48: 631.2 | O48: 11.76 | P48: 152
A49: 29 | B49: 43513 | C49: 10376 | D49: =Table134[[#This Row],[Steps]]-C48 -> 906 | E49: 400.3 | F49: =Table134[[#This Row],[Colories]]-E48 -> 30 | G49: 7.47 | H49: =Table134[[#This Row],[Distance]]-G48 -> 0.65 | I49: 93 | J49: =Table134[[#This Row],[Time]]-I48 -> 4 | L49: Smallest(1) | M49: 540 | N49: 22.2 | O49: 0.39 | P49: 5
A50: 30 | B50: 43514 | C50: 14329 | D50: =Table134[[#This Row],[Steps]]-C49 -> 3953 | E50: 557.9 | F50: =Table134[[#This Row],[Colories]]-E49 -> 157.6 | G50: 10.32 | H50: =Table134[[#This Row],[Distance]]-G49 -> 2.85 | I50: 133 | J50: =Table134[[#This Row],[Time]]-I49 -> 40 | L50: Confidence Level(95,0%) | M50: 1536.1315 | N50: 59.601063 | O50: 1.1061585 | P50: 14.210881
A51: 31 | B51: 43515 | C51: 7808 | D51: =Table134[[#This Row],[Steps]]-C50 -> -6521 | E51: 300 | F51: =Table134[[#This Row],[Colories]]-E50 -> -257.9 | G51: 5.62 | H51: =Table134[[#This Row],[Distance]]-G50 -> -4.7 | I51: 69 | J51: =Table134[[#This Row],[Time]]-I50 -> -64
A52: 1 | B52: 43516 | C52: 9024 | D52: =Table134[[#This Row],[Steps]]-C51 -> 1216 | E52: 346.8 | F52: =Table134[[#This Row],[Colories]]-E51 -> 46.8 | G52: 6.5 | H52: =Table134[[#This Row],[Distance]]-G51 -> 0.88 | I52: 80 | J52: =Table134[[#This Row],[Time]]-I51 -> 11
A53: 2 | B53: 43517 | C53: 10447 | D53: =Table134[[#This Row],[Steps]]-C52 -> 1423 | E53: 401.9 | F53: =Table134[[#This Row],[Colories]]-E52 -> 55.1 | G53: 7.52 | H53: =Table134[[#This Row],[Distance]]-G52 -> 1.02 | I53: 92 | J53: =Table134[[#This Row],[Time]]-I52 -> 12
A54: 3 | B54: 43518 | C54: 6072 | D54: =Table134[[#This Row],[Steps]]-C53 -> -4375 | E54: 235.8 | F54: =Table134[[#This Row],[Colories]]-E53 -> -166.1 | G54: 4.37 | H54: =Table134[[#This Row],[Distance]]-G53 -> -3.15 | I54: 56 | J54: =Table134[[#This Row],[Time]]-I53 -> -36
A55: 4 | B55: 43519 | C55: 540 | D55: =Table134[[#This Row],[Steps]]-C54 -> -5532 | E55: 22.2 | F55: =Table134[[#This Row],[Colories]]-E54 -> -213.6 | G55: 0.39 | H55: =Table134[[#This Row],[Distance]]-G54 -> -3.98 | I55: 5 | J55: =Table134[[#This Row],[Time]]-I54 -> -51
A56: 5 | B56: 43520 | C56: 8213 | D56: =Table134[[#This Row],[Steps]]-C55 -> 7673 | E56: 317.3 | F56: =Table134[[#This Row],[Colories]]-E55 -> 295.1 | G56: 5.91 | H56: =Table134[[#This Row],[Distance]]-G55 -> 5.52 | I56: 73 | J56: =Table134[[#This Row],[Time]]-I55 -> 68
A57: 6 | B57: 43521 | C57: 11978 | D57: =Table134[[#This Row],[Steps]]-C56 -> 3765 | E57: 462.5 | F57: =Table134[[#This Row],[Colories]]-E56 -> 145.2 | G57: 8.62 | H57: =Table134[[#This Row],[Distance]]-G56 -> 2.71 | I57: 108 | J57: =Table134[[#This Row],[Time]]-I56 -> 35
A58: 7 | B58: 43522 | C58: 7330 | D58: =Table134[[#This Row],[Steps]]-C57 -> -4648 | E58: 281.4 | F58: =Table134[[#This Row],[Colories]]-E57 -> -181.1 | G58: 5.28 | H58: =Table134[[#This Row],[Distance]]-G57 -> -3.34 | I58: 64 | J58: =Table134[[#This Row],[Time]]-I57 -> -44
A59: 8 | B59: 43523 | C59: 16330 | D59: =Table134[[#This Row],[Steps]]-C58 -> 9000 | E59: 631.2 | F59: =Table134[[#This Row],[Colories]]-E58 -> 349.8 | G59: 11.76 | H59: =Table134[[#This Row],[Distance]]-G58 -> 6.48 | I59: 148 | J59: =Table134[[#This Row],[Time]]-I58 -> 84
A60: 9 | B60: 43524 | C60: 14730 | D60: =Table134[[#This Row],[Steps]]-C59 -> -1600 | E60: 575.3 | F60: =Table134[[#This Row],[Colories]]-E59 -> -55.9 | G60: 10.61 | H60: =Table134[[#This Row],[Distance]]-G59 -> -1.15 | I60: 139 | J60: =Table134[[#This Row],[Time]]-I59 -> -9 | M60: Steps | N60: Calories | O60: Distance | P60: Time
A61: 10 | B61: 43525 | C61: 11589 | D61: =Table134[[#This Row],[Steps]]-C60 -> -3141 | E61: 453.1 | F61: =Table134[[#This Row],[Colories]]-E60 -> -122.2 | G61: 8.34 | H61: =Table134[[#This Row],[Distance]]-G60 -> -2.27 | I61: 109 | J61: =Table134[[#This Row],[Time]]-I60 -> -30 | L61: Mean | M61: =AVERAGE($C$61:$C$91) -> 11326.645 | N61: =AVERAGE($E$61:$E$91) -> 441.09355 | O61: =AVERAGE($G$61:$G$91) -> 8.1616129 | P61: =AVERAGE($I$61:$I$91) -> 104.74194
A62: 11 | B62: 43526 | C62: 12702 | D62: =Table134[[#This Row],[Steps]]-C61 -> 1113 | E62: 506.3 | F62: =Table134[[#This Row],[Colories]]-E61 -> 53.2 | G62: 9.15 | H62: =Table134[[#This Row],[Distance]]-G61 -> 0.81 | I62: 127 | J62: =Table134[[#This Row],[Time]]-I61 -> 18 | L62: Standard Error | M62: =SQRT(VAR($C$61:$C$91)/COUNT($C$61:$C$91)) -> 1031.8583 | N62: =SQRT(VAR($E$61:$E$91)/COUNT($E$61:$E$91)) -> 40.09028 | O62: =SQRT(VAR($G$61:$G$91)/COUNT($G$61:$G$91)) -> 0.74233432 | P62: =SQRT(VAR($I$61:$I$91)/COUNT($I$61:$I$91)) -> 9.5224655
A63: 12 | B63: 43527 | C63: 9689 | D63: =Table134[[#This Row],[Steps]]-C62 -> -3013 | E63: 381.3 | F63: =Table134[[#This Row],[Colories]]-E62 -> -125 | G63: 6.98 | H63: =Table134[[#This Row],[Distance]]-G62 -> -2.17 | I63: 93 | J63: =Table134[[#This Row],[Time]]-I62 -> -34 | L63: Mode | M63: =MODE($C$61:$C$91) -> 0 | N63: =MODE($E$61:$E$91) -> 0 | O63: =MODE($G$61:$G$91) -> 0 | P63: =MODE($I$61:$I$91) -> 0
A64: 13 | B64: 43528 | C64: 10003 | D64: =Table134[[#This Row],[Steps]]-C63 -> 314 | E64: 389.8 | F64: =Table134[[#This Row],[Colories]]-E63 -> 8.5 | G64: 7.2 | H64: =Table134[[#This Row],[Distance]]-G63 -> 0.22 | I64: 93 | J64: =Table134[[#This Row],[Time]]-I63 -> 0 | L64: Median | M64: =MEDIAN($C$61:$C$91) -> 11589 | N64: =MEDIAN($E$61:$E$91) -> 453.1 | O64: =MEDIAN($G$61:$G$91) -> 8.34 | P64: =MEDIAN($I$61:$I$91) -> 109
A65: 14 | B65: 43529 | C65: 19322 | D65: =Table134[[#This Row],[Steps]]-C64 -> 9319 | E65: 751 | F65: =Table134[[#This Row],[Colories]]-E64 -> 361.2 | G65: 13.91 | H65: =Table134[[#This Row],[Distance]]-G64 -> 6.71 | I65: 178 | J65: =Table134[[#This Row],[Time]]-I64 -> 85 | L65: First Quartile | M65: =QUARTILE($C$61:$C$91, 1) -> 7346 | N65: =QUARTILE($E$61:$E$91, 1) -> 288.8 | O65: =QUARTILE($G$61:$G$91, 1) -> 5.29 | P65: =QUARTILE($I$61:$I$91, 1) -> 71.5
A66: 15 | B66: 43530 | C66: 16101 | D66: =Table134[[#This Row],[Steps]]-C65 -> -3221 | E66: 617.4 | F66: =Table134[[#This Row],[Colories]]-E65 -> -133.6 | G66: 11.59 | H66: =Table134[[#This Row],[Distance]]-G65 -> -2.32 | I66: 139 | J66: =Table134[[#This Row],[Time]]-I65 -> -39 | L66: Third Quartile | M66: =QUARTILE($C$61:$C$91, 3) -> 15176 | N66: =QUARTILE($E$61:$E$91, 3) -> 588.05 | O66: =QUARTILE($G$61:$G$91, 3) -> 10.925 | P66: =QUARTILE($I$61:$I$91, 3) -> 137.5
A67: 16 | B67: 43531 | C67: 15197 | D67: =Table134[[#This Row],[Steps]]-C66 -> -904 | E67: 580.9 | F67: =Table134[[#This Row],[Colories]]-E66 -> -36.5 | G67: 10.94 | H67: =Table134[[#This Row],[Distance]]-G66 -> -0.65 | I67: 129 | J67: =Table134[[#This Row],[Time]]-I66 -> -10 | L67: Variance | M67: =VAR($C$61:$C$91) -> 33006678 | N67: =VAR($E$61:$E$91) -> 49824.147 | O67: =VAR($G$61:$G$91) -> 17.082867 | P67: =VAR($I$61:$I$91) -> 2810.9978
A68: 17 | B68: 43532 | C68: 7019 | D68: =Table134[[#This Row],[Steps]]-C67 -> -8178 | E68: 275.4 | F68: =Table134[[#This Row],[Colories]]-E67 -> -305.5 | G68: 5.05 | H68: =Table134[[#This Row],[Distance]]-G67 -> -5.89 | I68: 67 | J68: =Table134[[#This Row],[Time]]-I67 -> -62 | L68: Standard Deviation | M68: =STDEV($C$61:$C$91) -> 5745.1439 | N68: =STDEV($E$61:$E$91) -> 223.21323 | O68: =STDEV($G$61:$G$91) -> 4.1331425 | P68: =STDEV($I$61:$I$91) -> 53.018844
A69: 18 | B69: 43533 | C69: 7526 | D69: =Table134[[#This Row],[Steps]]-C68 -> 507 | E69: 299.9 | F69: =Table134[[#This Row],[Colories]]-E68 -> 24.5 | G69: 5.42 | H69: =Table134[[#This Row],[Distance]]-G68 -> 0.37 | I69: 76 | J69: =Table134[[#This Row],[Time]]-I68 -> 9 | L69: Kurtosis | M69: =KURT($C$61:$C$91) -> -0.25372964 | N69: =KURT($E$61:$E$91) -> -0.20600742 | O69: =KURT($G$61:$G$91) -> -0.26336243 | P69: =KURT($I$61:$I$91) -> -0.026180235
A70: 19 | B70: 43534 | C70: 3753 | D70: =Table134[[#This Row],[Steps]]-C69 -> -3773 | E70: 146.2 | F70: =Table134[[#This Row],[Colories]]-E69 -> -153.7 | G70: 2.7 | H70: =Table134[[#This Row],[Distance]]-G69 -> -2.72 | I70: 35 | J70: =Table134[[#This Row],[Time]]-I69 -> -41 | L70: Skewness | M70: =SKEW($C$61:$C$91) -> -0.22748774 | N70: =SKEW($E$61:$E$91) -> -0.22087283 | O70: =SKEW($G$61:$G$91) -> -0.22491862 | P70: =SKEW($I$61:$I$91) -> -0.16538292
A71: 20 | B71: 43535 | C71: 10977 | D71: =Table134[[#This Row],[Steps]]-C70 -> 7224 | E71: 423.4 | F71: =Table134[[#This Row],[Colories]]-E70 -> 277.2 | G71: 7.9 | H71: =Table134[[#This Row],[Distance]]-G70 -> 5.2 | I71: 98 | J71: =Table134[[#This Row],[Time]]-I70 -> 63 | L71: Range | M71: =MAX($C$61:$C$91)-MIN($C$61:$C$91) -> 22060 | N71: =MAX($E$61:$E$91)-MIN($E$61:$E$91) -> 857.3 | O71: =MAX($G$61:$G$91)-MIN($G$61:$G$91) -> 15.88 | P71: =MAX($I$61:$I$91)-MIN($I$61:$I$91) -> 211
A72: 21 | B72: 43536 | C72: 13373 | D72: =Table134[[#This Row],[Steps]]-C71 -> 2396 | E72: 512.1 | F72: =Table134[[#This Row],[Colories]]-E71 -> 88.7 | G72: 9.63 | H72: =Table134[[#This Row],[Distance]]-G71 -> 1.73 | I72: 115 | J72: =Table134[[#This Row],[Time]]-I71 -> 17 | L72: Minimum | M72: =MIN($C$61:$C$91) -> 0 | N72: =MIN($E$61:$E$91) -> 0 | O72: =MIN($G$61:$G$91) -> 0 | P72: =MIN($I$61:$I$91) -> 0
A73: 22 | B73: 43537 | C73: 9852 | D73: =Table134[[#This Row],[Steps]]-C72 -> -3521 | E73: 381.5 | F73: =Table134[[#This Row],[Colories]]-E72 -> -130.6 | G73: 7.09 | H73: =Table134[[#This Row],[Distance]]-G72 -> -2.54 | I73: 90 | J73: =Table134[[#This Row],[Time]]-I72 -> -25 | L73: Maximum | M73: =MAX($C$61:$C$91) -> 22060 | N73: =MAX($E$61:$E$91) -> 857.3 | O73: =MAX($G$61:$G$91) -> 15.88 | P73: =MAX($I$61:$I$91) -> 211
A74: 23 | B74: 43538 | C74: 22060 | D74: =Table134[[#This Row],[Steps]]-C73 -> 12208 | E74: 857.3 | F74: =Table134[[#This Row],[Colories]]-E73 -> 475.8 | G74: 15.88 | H74: =Table134[[#This Row],[Distance]]-G73 -> 8.79 | I74: 204 | J74: =Table134[[#This Row],[Time]]-I73 -> 114 | L74: Sum | M74: =SUM($C$61:$C$91) -> 351126 | N74: =SUM($E$61:$E$91) -> 13673.9 | O74: =SUM($G$61:$G$91) -> 253.01 | P74: =SUM($I$61:$I$91) -> 3247
A75: 24 | B75: 43539 | C75: 12911 | D75: =Table134[[#This Row],[Steps]]-C74 -> -9149 | E75: 501.6 | F75: =Table134[[#This Row],[Colories]]-E74 -> -355.7 | G75: 9.3 | H75: =Table134[[#This Row],[Distance]]-G74 -> -6.58 | I75: 120 | J75: =Table134[[#This Row],[Time]]-I74 -> -84 | L75: Count | M75: =COUNT($C$61:$C$91) -> 31 | N75: =COUNT($E$61:$E$91) -> 31 | O75: =COUNT($G$61:$G$91) -> 31 | P75: =COUNT($I$61:$I$91) -> 31
A76: 25 | B76: 43540 | C76: 6337 | D76: =Table134[[#This Row],[Steps]]-C75 -> -6574 | E76: 244.9 | F76: =Table134[[#This Row],[Colories]]-E75 -> -256.7 | G76: 4.56 | H76: =Table134[[#This Row],[Distance]]-G75 -> -4.74 | I76: 57 | J76: =Table134[[#This Row],[Time]]-I75 -> -63
A77: 26 | B77: 43541 | C77: 11587 | D77: =Table134[[#This Row],[Steps]]-C76 -> 5250 | E77: 449.8 | F77: =Table134[[#This Row],[Colories]]-E76 -> 204.9 | G77: 8.34 | H77: =Table134[[#This Row],[Distance]]-G76 -> 3.78 | I77: 106 | J77: =Table134[[#This Row],[Time]]-I76 -> 49
A78: 27 | B78: 43542 | C78: 15155 | D78: =Table134[[#This Row],[Steps]]-C77 -> 3568 | E78: 595.2 | F78: =Table134[[#This Row],[Colories]]-E77 -> 145.4 | G78: 10.91 | H78: =Table134[[#This Row],[Distance]]-G77 -> 2.57 | I78: 146 | J78: =Table134[[#This Row],[Time]]-I77 -> 40
A79: 28 | B79: 43543 | C79: 18807 | D79: =Table134[[#This Row],[Steps]]-C78 -> 3652 | E79: 724.8 | F79: =Table134[[#This Row],[Colories]]-E78 -> 129.6 | G79: 13.54 | H79: =Table134[[#This Row],[Distance]]-G78 -> 2.63 | I79: 168 | J79: =Table134[[#This Row],[Time]]-I78 -> 22
A80: 29 | B80: 43544 | C80: 9156 | D80: =Table134[[#This Row],[Steps]]-C79 -> -9651 | E80: 354.2 | F80: =Table134[[#This Row],[Colories]]-E79 -> -370.6 | G80: 6.59 | H80: =Table134[[#This Row],[Distance]]-G79 -> -6.95 | I80: 83 | J80: =Table134[[#This Row],[Time]]-I79 -> -85
A81: 30 | B81: 43545 | C81: 16259 | D81: =Table134[[#This Row],[Steps]]-C80 -> 7103 | E81: 631.9 | F81: =Table134[[#This Row],[Colories]]-E80 -> 277.7 | G81: 11.71 | H81: =Table134[[#This Row],[Distance]]-G80 -> 5.12 | I81: 149 | J81: =Table134[[#This Row],[Time]]-I80 -> 66
A82: 1 | B82: 43546 | C82: 14576 | D82: =Table134[[#This Row],[Steps]]-C81 -> -1683 | E82: 572.4 | F82: =Table134[[#This Row],[Colories]]-E81 -> -59.5 | G82: 10.62 | H82: =Table134[[#This Row],[Distance]]-G81 -> -1.09 | I82: 136 | J82: =Table134[[#This Row],[Time]]-I81 -> -13
A83: 2 | B83: 43547 | C83: 21405 | D83: =Table134[[#This Row],[Steps]]-C82 -> 6829 | E83: 846.7 | F83: =Table134[[#This Row],[Colories]]-E82 -> 274.3 | G83: 15.41 | H83: =Table134[[#This Row],[Distance]]-G82 -> 4.79 | I83: 211 | J83: =Table134[[#This Row],[Time]]-I82 -> 75
A84: 3 | B84: 43548 | C84: 6006 | D84: =Table134[[#This Row],[Steps]]-C83 -> -15399 | E84: 241.8 | F84: =Table134[[#This Row],[Colories]]-E83 -> -604.9 | G84: 4.32 | H84: =Table134[[#This Row],[Distance]]-G83 -> -11.09 | I84: 62 | J84: =Table134[[#This Row],[Time]]-I83 -> -149
A85: 4 | B85: 43549 | C85: 12707 | D85: =Table134[[#This Row],[Steps]]-C84 -> 6701 | E85: 501.5 | F85: =Table134[[#This Row],[Colories]]-E84 -> 259.7 | G85: 9.15 | H85: =Table134[[#This Row],[Distance]]-G84 -> 4.83 | I85: 122 | J85: =Table134[[#This Row],[Time]]-I84 -> 60
A86: 5 | B86: 43550 | C86: 15905 | D86: =Table134[[#This Row],[Steps]]-C85 -> 3198 | E86: 613.1 | F86: =Table134[[#This Row],[Colories]]-E85 -> 111.6 | G86: 11.45 | H86: =Table134[[#This Row],[Distance]]-G85 -> 2.3 | I86: 142 | J86: =Table134[[#This Row],[Time]]-I85 -> 20
A87: 6 | B87: 43551 | C87: 7166 | D87: =Table134[[#This Row],[Steps]]-C86 -> -8739 | E87: 277.7 | F87: =Table134[[#This Row],[Colories]]-E86 -> -335.4 | G87: 5.16 | H87: =Table134[[#This Row],[Distance]]-G86 -> -6.29 | I87: 65 | J87: =Table134[[#This Row],[Time]]-I86 -> -77
... A91: 10 | B91: 43555 | C91: 0 | D91: =Table134[[#This Row],[Steps]]-C90 -> 0 | E91: 0 | F91: =Table134[[#This Row],[Colories]]-E90 -> 0 | G91: 0 | H91: =Table134[[#This Row],[Distance]]-G90 -> 0 | I91: 0 | J91: =Table134[[#This Row],[Time]]-I90 -> 0
A92: 11 | B92: 43556 | C92: 0 | D92: =Table134[[#This Row],[Steps]]-C91 -> 0 | E92: 0 | F92: =Table134[[#This Row],[Colories]]-E91 -> 0 | G92: 0 | H92: =Table134[[#This Row],[Distance]]-G91 -> 0 | I92: 0 | J92: =Table134[[#This Row],[Time]]-I91 -> 0 | M92: Steps | N92: Calories | O92: Distance | P92: Time
A93: 12 | B93: 43557 | C93: 4809 | D93: =Table134[[#This Row],[Steps]]-C92 -> 4809 | E93: 193.3 | F93: =Table134[[#This Row],[Colories]]-E92 -> 193.3 | G93: 3.46 | H93: =Table134[[#This Row],[Distance]]-G92 -> 3.46 | I93: 49 | J93: =Table134[[#This Row],[Time]]-I92 -> 49 | L93: Mean | M93: =AVERAGE($C$92:$C$121) -> 10432.933 | N93: =AVERAGE($E$92:$E$121) -> 397.16667 | O93: =AVERAGE($G$92:$G$121) -> 7.5113333 | P93: =AVERAGE($I$92:$I$121) -> 97.366667
A94: 13 | B94: 43558 | C94: 10470 | D94: =Table134[[#This Row],[Steps]]-C93 -> 5661 | E94: 411.7 | F94: =Table134[[#This Row],[Colories]]-E93 -> 218.4 | G94: 7.54 | H94: =Table134[[#This Row],[Distance]]-G93 -> 4.08 | I94: 101 | J94: =Table134[[#This Row],[Time]]-I93 -> 52 | L94: Standard Error | M94: =SQRT(VAR($C$92:$C$121)/COUNT($C$92:$C$121)) -> 1043.9614 | N94: =SQRT(VAR($E$92:$E$121)/COUNT($E$92:$E$121)) -> 40.902191 | O94: =SQRT(VAR($G$92:$G$121)/COUNT($G$92:$G$121)) -> 0.75156752 | P94: =SQRT(VAR($I$92:$I$121)/COUNT($I$92:$I$121)) -> 9.6326174
A95: 14 | B95: 43559 | C95: 6679 | D95: =Table134[[#This Row],[Steps]]-C94 -> -3791 | E95: 256.8 | F95: =Table134[[#This Row],[Colories]]-E94 -> -154.9 | G95: 4.81 | H95: =Table134[[#This Row],[Distance]]-G94 -> -2.73 | I95: 59 | J95: =Table134[[#This Row],[Time]]-I94 -> -42 | L95: Mode | M95: =MODE($C$92:$C$121) -> 0 | N95: =MODE($E$92:$E$121) -> 0 | O95: =MODE($G$92:$G$121) -> 0 | P95: =MODE($I$92:$I$121) -> 0
A96: 15 | B96: 43560 | C96: 6541 | D96: =Table134[[#This Row],[Steps]]-C95 -> -138 | E96: 253.2 | F96: =Table134[[#This Row],[Colories]]-E95 -> -3.6 | G96: 4.71 | H96: =Table134[[#This Row],[Distance]]-G95 -> -0.1 | I96: 59 | J96: =Table134[[#This Row],[Time]]-I95 -> 0 | L96: Median | M96: =MEDIAN($C$92:$C$121) -> 10844 | N96: =MEDIAN($E$92:$E$121) -> 397 | O96: =MEDIAN($G$92:$G$121) -> 7.81 | P96: =MEDIAN($I$92:$I$121) -> 101
A97: 16 | B97: 43561 | C97: 7284 | D97: =Table134[[#This Row],[Steps]]-C96 -> 743 | E97: 294.1 | F97: =Table134[[#This Row],[Colories]]-E96 -> 40.9 | G97: 5.24 | H97: =Table134[[#This Row],[Distance]]-G96 -> 0.53 | I97: 75 | J97: =Table134[[#This Row],[Time]]-I96 -> 16 | L97: First Quartile | M97: =QUARTILE($C$92:$C$121, 1) -> 6686 | N97: =QUARTILE($E$92:$E$121, 1) -> 254.1 | O97: =QUARTILE($G$92:$G$121, 1) -> 4.815 | P97: =QUARTILE($I$92:$I$121, 1) -> 60.25
A98: 17 | B98: 43562 | C98: 3697 | D98: =Table134[[#This Row],[Steps]]-C97 -> -3587 | E98: 146.1 | F98: =Table134[[#This Row],[Colories]]-E97 -> -148 | G98: 2.66 | H98: =Table134[[#This Row],[Distance]]-G97 -> -2.58 | I98: 36 | J98: =Table134[[#This Row],[Time]]-I97 -> -39 | L98: Third Quartile | M98: =QUARTILE($C$92:$C$121, 3) -> 14199.5 | N98: =QUARTILE($E$92:$E$121, 3) -> 560.8 | O98: =QUARTILE($G$92:$G$121, 3) -> 10.2225 | P98: =QUARTILE($I$92:$I$121, 3) -> 131
A99: 18 | B99: 43563 | C99: 14919 | D99: =Table134[[#This Row],[Steps]]-C98 -> 11222 | E99: 573.8 | F99: =Table134[[#This Row],[Colories]]-E98 -> 427.7 | G99: 10.74 | H99: =Table134[[#This Row],[Distance]]-G98 -> 8.08 | I99: 132 | J99: =Table134[[#This Row],[Time]]-I98 -> 96 | L99: Variance | M99: =VAR($C$92:$C$121) -> 32695662 | N99: =VAR($E$92:$E$121) -> 50189.677 | O99: =VAR($G$92:$G$121) -> 16.945612 | P99: =VAR($I$92:$I$121) -> 2783.6195
A100: 19 | B100: 43564 | C100: 22595 | D100: =Table134[[#This Row],[Steps]]-C99 -> 7676 | E100: 882.9 | F100: =Table134[[#This Row],[Colories]]-E99 -> 309.1 | G100: 16.27 | H100: =Table134[[#This Row],[Distance]]-G99 -> 5.53 | I100: 212 | J100: =Table134[[#This Row],[Time]]-I99 -> 80 | L100: Standard Deviation | M100: =STDEV($C$92:$C$121) -> 5718.0121 | N100: =STDEV($E$92:$E$121) -> 224.03053 | O100: =STDEV($G$92:$G$121) -> 4.1165048 | P100: =STDEV($I$92:$I$121) -> 52.760018
A101: 20 | B101: 43565 | C101: 11432 | D101: =Table134[[#This Row],[Steps]]-C100 -> -11163 | E101: 447.6 | F101: =Table134[[#This Row],[Colories]]-E100 -> -435.3 | G101: 8.23 | H101: =Table134[[#This Row],[Distance]]-G100 -> -8.04 | I101: 107 | J101: =Table134[[#This Row],[Time]]-I100 -> -105 | L101: Kurtosis | M101: =KURT($C$92:$C$121) -> -0.12355831 | N101: =KURT($E$92:$E$121) -> -0.17026651 | O101: =KURT($G$92:$G$121) -> -0.12324714 | P101: =KURT($I$92:$I$121) -> -0.15802857
A102: 21 | B102: 43566 | C102: 17769 | D102: =Table134[[#This Row],[Steps]]-C101 -> 6337 | E102: 689.1 | F102: =Table134[[#This Row],[Colories]]-E101 -> 241.5 | G102: 12.79 | H102: =Table134[[#This Row],[Distance]]-G101 -> 4.56 | I102: 164 | J102: =Table134[[#This Row],[Time]]-I101 -> 57 | L102: Skewness | M102: =SKEW($C$92:$C$121) -> 0.21204814 | N102: =SKEW($E$92:$E$121) -> 0.30802584 | O102: =SKEW($G$92:$G$121) -> 0.21162259 | P102: =SKEW($I$92:$I$121) -> 0.18429662
A103: 22 | B103: 43567 | C103: 8357 | D103: =Table134[[#This Row],[Steps]]-C102 -> -9412 | E103: 325.4 | F103: =Table134[[#This Row],[Colories]]-E102 -> -363.7 | G103: 6.02 | H103: =Table134[[#This Row],[Distance]]-G102 -> -6.77 | I103: 78 | J103: =Table134[[#This Row],[Time]]-I102 -> -86 | L103: Range | M103: =MAX($C$92:$C$121)-MIN($C$92:$C$121) -> 22595 | N103: =MAX($E$92:$E$121)-MIN($E$92:$E$121) -> 882.9 | O103: =MAX($G$92:$G$121)-MIN($G$92:$G$121) -> 16.27 | P103: =MAX($I$92:$I$121)-MIN($I$92:$I$121) -> 212
A104: 23 | B104: 43568 | C104: 5191 | D104: =Table134[[#This Row],[Steps]]-C103 -> -3166 | E104: 203.5 | F104: =Table134[[#This Row],[Colories]]-E103 -> -121.9 | G104: 3.74 | H104: =Table134[[#This Row],[Distance]]-G103 -> -2.28 | I104: 49 | J104: =Table134[[#This Row],[Time]]-I103 -> -29 | L104: Minimum | M104: =MIN($C$92:$C$121) -> 0 | N104: =MIN($E$92:$E$121) -> 0 | O104: =MIN($G$92:$G$121) -> 0 | P104: =MIN($I$92:$I$121) -> 0
A105: 24 | B105: 43569 | C105: 11382 | D105: =Table134[[#This Row],[Steps]]-C104 -> 6191 | E105: 447.5 | F105: =Table134[[#This Row],[Colories]]-E104 -> 244 | G105: 8.2 | H105: =Table134[[#This Row],[Distance]]-G104 -> 4.46 | I105: 109 | J105: =Table134[[#This Row],[Time]]-I104 -> 60 | L105: Maximum | M105: =MAX($C$92:$C$121) -> 22595 | N105: =MAX($E$92:$E$121) -> 882.9 | O105: =MAX($G$92:$G$121) -> 16.27 | P105: =MAX($I$92:$I$121) -> 212
...

Sheet 2020
A1: Number | B1: Day | C1: Steps | D1: Difference | E1: Colories | F1: Difference of C | G1: Distance | H1: Difference of D | I1: Time | J1: Difference of time
A2: 1 | B2: 43831 | C2: 7392 | D2: - | E2: 306.4 | F2: - | G2: 5.32 | H2: - | I2: 73 | J2: - | L2: Steps | M2: Colories | N2: Distance | O2: Time
A3: 2 | B3: 43832 | C3: 3298 | D3: =C3-C2 -> -4094 | E3: 137.5 | F3: =E3-E2 -> -168.9 | G3: 2.37 | H3: =G3-G2 -> -2.95 | I3: 32 | J3: =I3-I2 -> -41 | K3: Mean | L3: =AVERAGE($C$2:$C$32) -> 7946.6774 | M3: =AVERAGE($E$1:$E$32) -> 329.70645 | N3: =AVERAGE($G$2:$G$32) -> 5.7209677 | O3: =AVERAGE($I$2:$I$32) -> 77.741935
A4: 3 | B4: 43833 | C4: 7385 | D4: =C4-C3 -> 4087 | E4: 306.3 | F4: =E4-E3 -> 168.8 | G4: 5.32 | H4: =G4-G3 -> 2.95 | I4: 73 | J4: =I4-I3 -> 41 | K4: Standard Error | L4: =SQRT(VAR($C$2:$C$32)/COUNT($C$2:$C$32)) -> 868.40178 | M4: =SQRT(VAR($E$1:$E$32)/COUNT($E$1:$E$32)) -> 35.449731 | N4: =SQRT(VAR($G$2:$G$32)/COUNT($G$2:$G$32)) -> 0.62545817 | O4: =SQRT(VAR($I$2:$I$32)/COUNT($I$2:$I$32)) -> 8.2540271
A5: 4 | B5: 43834 | C5: 10426 | D5: =C5-C4 -> 3041 | E5: 428.6 | F5: =E5-E4 -> 122.3 | G5: 7.51 | H5: =G5-G4 -> 2.19 | I5: 98 | J5: =I5-I4 -> 25 | K5: Mode | L5: =MODE($C$2:$C$32) -> #VALUE! | M5: =MODE($E$1:$E$32) -> #VALUE! | N5: =MODE($G$2:$G$32) -> 5.32 | O5: =MODE($I$2:$I$32) -> 73
A6: 5 | B6: 43835 | C6: 2415 | D6: =C6-C5 -> -8011 | E6: 110.9 | F6: =E6-E5 -> -317.7 | G6: 1.74 | H6: =G6-G5 -> -5.77 | I6: 29 | J6: =I6-I5 -> -69 | K6: Median | L6: =MEDIAN($C$2:$C$32) -> 7385 | M6: =MEDIAN($E$1:$E$32) -> 306.3 | N6: =MEDIAN($G$2:$G$32) -> 5.32 | O6: =MEDIAN($I$2:$I$32) -> 73
A7: 6 | B7: 43836 | C7: 2019 | D7: =C7-C6 -> -396 | E7: 87.8 | F7: =E7-E6 -> -23.1 | G7: 1.45 | H7: =G7-G6 -> -0.29 | I7: 22 | J7: =I7-I6 -> -7 | K7: First Quartile | L7: =QUARTILE($C$2:$C$32, 1) -> 4061.5 | M7: =QUARTILE($E$1:$E$32, 1) -> 165.3 | N7: =QUARTILE($G$2:$G$32, 1) -> 2.925 | O7: =QUARTILE($I$2:$I$32, 1) -> 39
A8: 7 | B8: 43837 | C8: 12783 | D8: =C8-C7 -> 10764 | E8: 524.8 | F8: =E8-E7 -> 437 | G8: 9.2 | H8: =G8-G7 -> 7.75 | I8: 122 | J8: =I8-I7 -> 100 | K8: Third Quartile | L8: =QUARTILE($C$2:$C$32, 3) -> 11128.5 | M8: =QUARTILE($E$1:$E$32, 3) -> 463.85 | N8: =QUARTILE($G$2:$G$32, 3) -> 8.015 | O8: =QUARTILE($I$2:$I$32, 3) -> 111
A9: 8 | B9: 43838 | C9: 13738 | D9: =C9-C8 -> 955 | E9: 558.8 | F9: =E9-E8 -> 34 | G9: 9.89 | H9: =G9-G8 -> 0.69 | I9: 128 | J9: =I9-I8 -> 6 | K9: Variance | L9: =VAR($C$2:$C$32) -> 23377771 | M9: =VAR($E$1:$E$32) -> 38957.185 | N9: =VAR($G$2:$G$32) -> 12.127136 | O9: =VAR($I$2:$I$32) -> 2111.9978
A10: 9 | B10: 43839 | C10: 5493 | D10: =C10-C9 -> -8245 | E10: 231 | F10: =E10-E9 -> -327.8 | G10: 3.95 | H10: =G10-G9 -> -5.94 | I10: 56 | J10: =I10-I9 -> -72 | K10: Standard Deviation | L10: =STDEV($C$2:$C$32) -> 4835.0565 | M10: =STDEV($E$1:$E$32) -> 197.37575 | N10: =STDEV($G$2:$G$32) -> 3.4824037 | O10: =STDEV($I$2:$I$32) -> 45.956478
A11: 10 | B11: 43840 | C11: 7253 | D11: =C11-C10 -> 1760 | E11: 296.4 | F11: =E11-E10 -> 65.4 | G11: 5.22 | H11: =G11-G10 -> 1.27 | I11: 68 | J11: =I11-I10 -> 12 | K11: Kurtosis | L11: =KURT($C$2:$C$32) -> -0.65419067 | M11: =KURT($E$1:$E$32) -> -0.61520964 | N11: =KURT($G$2:$G$32) -> -0.65362882 | O11: =KURT($I$2:$I$32) -> -0.54762961
A12: 11 | B12: 43841 | C12: 11480 | D12: =C12-C11 -> 4227 | E12: 469.7 | F12: =E12-E11 -> 173.3 | G12: 8.27 | H12: =G12-G11 -> 3.05 | I12: 109 | J12: =I12-I11 -> 41 | K12: Skewness | L12: =SKEW($C$2:$C$32) -> 0.60028516 | M12: =SKEW($E$1:$E$32) -> 0.60327482 | N12: =SKEW($G$2:$G$32) -> 0.60037289 | O12: =SKEW($I$2:$I$32) -> 0.61056209
A13: 12 | B13: 43842 | C13: 4205 | D13: =C13-C12 -> -7275 | E13: 169.7 | F13: =E13-E12 -> -300 | G13: 3.03 | H13: =G13-G12 -> -5.24 | I13: 38 | J13: =I13-I12 -> -71 | K13: Range | L13: =MAX($C$2:$C$32)-MIN($C$2:$C$32) -> 17211 | M13: =MAX($E$1:$E$32)-MIN($E$1:$E$32) -> 704.8 | N13: =MAX($G$2:$G$32)-MIN($G$2:$G$32) -> 12.4 | O13: =MAX($I$2:$I$32)-MIN($I$2:$I$32) -> 164
A14: 13 | B14: 43843 | C14: 17371 | D14: =C14-C13 -> 13166 | E14: 721.7 | F14: =E14-E13 -> 552 | G14: 12.51 | H14: =G14-G13 -> 9.48 | I14: 172 | J14: =I14-I13 -> 134 | K14: Minimum | L14: =MIN($C$2:$C$32) -> 713 | M14: =MIN($E$1:$E$32) -> 33.9 | N14: =MIN($G$2:$G$32) -> 0.51 | O14: =MIN($I$2:$I$32) -> 9
A15: 14 | B15: 43844 | C15: 3918 | D15: =C15-C14 -> -13453 | E15: 160.9 | F15: =E15-E14 -> -560.8 | G15: 2.82 | H15: =G15-G14 -> -9.69 | I15: 37 | J15: =I15-I14 -> -135 | K15: Maximum | L15: =MAX($C$2:$C$32) -> 17924 | M15: =MAX($E$1:$E$32) -> 738.7 | N15: =MAX($G$2:$G$32) -> 12.91 | O15: =MAX($I$2:$I$32) -> 173
A16: 15 | B16: 43845 | C16: 7726 | D16: =C16-C15 -> 3808 | E16: 317.2 | F16: =E16-E15 -> 156.3 | G16: 5.56 | H16: =G16-G15 -> 2.74 | I16: 74 | J16: =I16-I15 -> 37 | K16: Sum | L16: =SUM($C$2:$C$32) -> 246347 | M16: =SUM($E$1:$E$32) -> 10220.9 | N16: =SUM($G$2:$G$32) -> 177.35 | O16: =SUM($I$2:$I$32) -> 2410
A17: 16 | B17: 43846 | C17: 8123 | D17: =C17-C16 -> 397 | E17: 331.8 | F17: =E17-E16 -> 14.6 | G17: 5.85 | H17: =G17-G16 -> 0.29 | I17: 76 | J17: =I17-I16 -> 2 | K17: Count | L17: =COUNT($C$2:$C$32) -> 31 | M17: =COUNT($E$1:$E$32) -> 31 | N17: =COUNT($G$2:$G$32) -> 31 | O17: =COUNT($I$2:$I$32) -> 31
A18: 17 | B18: 43847 | C18: 14058 | D18: =C18-C17 -> 5935 | E18: 574.3 | F18: =E18-E17 -> 242.5 | G18: 10.12 | H18: =G18-G17 -> 4.27 | I18: 132 | J18: =I18-I17 -> 56
A19: 18 | B19: 43848 | C19: 3847 | D19: =C19-C18 -> -10211 | E19: 158.4 | F19: =E19-E18 -> -415.9 | G19: 2.77 | H19: =G19-G18 -> -7.35 | I19: 36 | J19: =I19-I18 -> -96
A20: 19 | B20: 43849 | C20: 713 | D20: =C20-C19 -> -3134 | E20: 33.9 | F20: =E20-E19 -> -124.5 | G20: 0.51 | H20: =G20-G19 -> -2.26 | I20: 9 | J20: =I20-I19 -> -27
A21: 20 | B21: 43850 | C21: 3617 | D21: =C21-C20 -> 2904 | E21: 156.7 | F21: =E21-E20 -> 122.8 | G21: 2.6 | H21: =G21-G20 -> 2.09 | I21: 40 | J21: =I21-I20 -> 31
A22: 21 | B22: 43851 | C22: 8344 | D22: =C22-C21 -> 4727 | E22: 356.1 | F22: =E22-E21 -> 199.4 | G22: 6.01 | H22: =G22-G21 -> 3.41 | I22: 87 | J22: =I22-I21 -> 47
A23: 22 | B23: 43852 | C23: 16291 | D23: =C23-C22 -> 7947 | E23: 672.1 | F23: =E23-E22 -> 316 | G23: 11.73 | H23: =G23-G22 -> 5.72 | I23: 159 | J23: =I23-I22 -> 72
A24: 23 | B24: 43853 | C24: 4794 | D24: =C24-C23 -> -11497 | E24: 195.6 | F24: =E24-E23 -> -476.5 | G24: 3.45 | H24: =G24-G23 -> -8.28 | I24: 44 | J24: =I24-I23 -> -115
A25: 24 | B25: 43854 | C25: 10777 | D25: =C25-C24 -> 5983 | E25: 458 | F25: =E25-E24 -> 262.4 | G25: 7.76 | H25: =G25-G24 -> 4.31 | I25: 113 | J25: =I25-I24 -> 69
A26: 25 | B26: 43855 | C26: 5256 | D26: =C26-C25 -> -5521 | E26: 250.8 | F26: =E26-E25 -> -207.2 | G26: 3.78 | H26: =G26-G25 -> -3.98 | I26: 70 | J26: =I26-I25 -> -43
A27: 26 | B27: 43856 | C27: 2165 | D27: =C27-C26 -> -3091 | E27: 89.2 | F27: =E27-E26 -> -161.6 | G27: 1.56 | H27: =G27-G26 -> -2.22 | I27: 21 | J27: =I27-I26 -> -49
A28: 27 | B28: 43857 | C28: 17924 | D28: =C28-C27 -> 15759 | E28: 738.7 | F28: =E28-E27 -> 649.5 | G28: 12.91 | H28: =G28-G27 -> 11.35 | I28: 173 | J28: =I28-I27 -> 152
A29: 28 | B29: 43858 | C29: 14627 | D29: =C29-C28 -> -3297 | E29: 595.9 | F29: =E29-E28 -> -142.8 | G29: 10.53 | H29: =G29-G28 -> -2.38 | I29: 137 | J29: =I29-I28 -> -36
... A32: 31 | B32: 43861 | C32: 5656 | D32: =C32-C31 -> -2649 | E32: 242.2 | F32: =E32-E31 -> -96.7 | G32: 4.07 | H32: =G32-G31 -> -1.91 | I32: 60 | J32: =I32-I31 -> -17
A33: 32 | B33: 43862 | C33: 19449 | D33: =C33-C32 -> 13793 | E33: 835.7 | F33: =E33-E32 -> 593.5 | G33: 14 | H33: =G33-G32 -> 9.93 | I33: 211 | J33: =I33-I32 -> 151 | L33: Steps | M33: Colories | N33: Distance | O33: Time
A34: 33 | B34: 43863 | C34: 25099 | D34: =C34-C33 -> 5650 | E34: 1074.9 | F34: =E34-E33 -> 239.2 | G34: 18.07 | H34: =G34-G33 -> 4.07 | I34: 270 | J34: =I34-I33 -> 59 | K34: Mean | L34: =AVERAGE($C$33:$C$61) -> 7782.1379 | M34: =AVERAGE($E$33:$E$61) -> 332.61379 | N34: =AVERAGE($G$33:$G$61) -> 5.6027586 | O34: =AVERAGE($I$33:$I$61) -> 81.103448
A35: 34 | B35: 43864 | C35: 4834 | D35: =C35-C34 -> -20265 | E35: 202.4 | F35: =E35-E34 -> -872.5 | G35: 3.48 | H35: =G35-G34 -> -14.59 | I35: 48 | J35: =I35-I34 -> -222 | K35: Standard Error | L35: =SQRT(VAR($C$33:$C$61)/COUNT($C$33:$C$61)) -> 1097.2951 | M35: =SQRT(VAR($E$33:$E$61)/COUNT($E$33:$E$61)) -> 46.730436 | N35: =SQRT(VAR($G$33:$G$61)/COUNT($G$33:$G$61)) -> 0.79002399 | O35: =SQRT(VAR($I$33:$I$61)/COUNT($I$33:$I$61)) -> 11.880806
A36: 35 | B36: 43865 | C36: 9142 | D36: =C36-C35 -> 4308 | E36: 380.9 | F36: =E36-E35 -> 178.5 | G36: 6.58 | H36: =G36-G35 -> 3.1 | I36: 90 | J36: =I36-I35 -> 42 | K36: Mode | L36: =MODE($C$33:$C$61) -> #VALUE! | M36: =MODE($E$33:$E$61) -> 178.1 | N36: =MODE($G$33:$G$61) -> 5.68 | O36: =MODE($I$33:$I$61) -> 64
A37: 36 | B37: 43866 | C37: 4069 | D37: =C37-C36 -> -5073 | E37: 168.4 | F37: =E37-E36 -> -212.5 | G37: 2.93 | H37: =G37-G36 -> -3.65 | I37: 40 | J37: =I37-I36 -> -50 | K37: Median | L37: =MEDIAN($C$33:$C$61) -> 6017 | M37: =MEDIAN($E$33:$E$61) -> 258.8 | N37: =MEDIAN($G$33:$G$61) -> 4.33 | O37: =MEDIAN($I$33:$I$61) -> 65
A38: 37 | B38: 43867 | C38: 2769 | D38: =C38-C37 -> -1300 | E38: 178.1 | F38: =E38-E37 -> 9.7 | G38: 1.99 | H38: =G38-G37 -> -0.94 | I38: 27 | J38: =I38-I37 -> -13 | K38: First Quartile | L38: =QUARTILE($C$33:$C$61, 1) -> 4352 | M38: =QUARTILE($E$33:$E$61, 1) -> 178.1 | N38: =QUARTILE($G$33:$G$61, 1) -> 3.13 | O38: =QUARTILE($I$33:$I$61, 1) -> 41
A39: 38 | B39: 43868 | C39: 4352 | D39: =C39-C38 -> 1583 | E39: 178.1 | F39: =E39-E38 -> 0 | G39: 3.13 | H39: =G39-G38 -> 1.14 | I39: 41 | J39: =I39-I38 -> 14 | K39: Third Quartile | L39: =QUARTILE($C$33:$C$61, 3) -> 9142 | M39: =QUARTILE($E$33:$E$61, 3) -> 381.1 | N39: =QUARTILE($G$33:$G$61, 3) -> 6.58 | O39: =QUARTILE($I$33:$I$61, 3) -> 90
A40: 39 | B40: 43869 | C40: 5354 | D40: =C40-C39 -> 1002 | E40: 227.3 | F40: =E40-E39 -> 49.2 | G40: 3.85 | H40: =G40-G39 -> 0.72 | I40: 55 | J40: =I40-I39 -> 14 | K40: Variance | L40: =VAR($C$33:$C$61) -> 34917639 | M40: =VAR($E$33:$E$61) -> 63328.277 | N40: =VAR($G$33:$G$61) -> 18.099999 | O40: =VAR($I$33:$I$61) -> 4093.4532
A41: 40 | B41: 43870 | C41: 5961 | D41: =C41-C40 -> 607 | E41: 258 | F41: =E41-E40 -> 30.7 | G41: 4.29 | H41: =G41-G40 -> 0.44 | I41: 64 | J41: =I41-I40 -> 9 | K41: Standard Deviation | L41: =STDEV($C$33:$C$61) -> 5909.1149 | M41: =STDEV($E$33:$E$61) -> 251.6511 | N41: =STDEV($G$33:$G$61) -> 4.2544094 | O41: =STDEV($I$33:$I$61) -> 63.9801
A42: 41 | B42: 43871 | C42: 9302 | D42: =C42-C41 -> 3341 | E42: 382.6 | F42: =E42-E41 -> 124.6 | G42: 6.7 | H42: =G42-G41 -> 2.41 | I42: 89 | J42: =I42-I41 -> 25 | K42: Kurtosis | L42: =KURT($C$33:$C$61) -> 2.3136064 | M42: =KURT($E$33:$E$61) -> 2.6708203 | N42: =KURT($G$33:$G$61) -> 2.3134279 | O42: =KURT($I$33:$I$61) -> 3.0604425
A43: 42 | B43: 43872 | C43: 14553 | D43: =C43-C42 -> 5251 | E43: 594.8 | F43: =E43-E42 -> 212.2 | G43: 10.48 | H43: =G43-G42 -> 3.78 | I43: 137 | J43: =I43-I42 -> 48 | K43: Skewness | L43: =SKEW($C$33:$C$61) -> 1.5485011 | M43: =SKEW($E$33:$E$61) -> 1.6493292 | N43: =SKEW($G$33:$G$61) -> 1.5485672 | O43: =SKEW($I$33:$I$61) -> 1.7612139
A44: 43 | B44: 43873 | C44: 1017 | D44: =C44-C43 -> -13536 | E44: 42.3 | F44: =E44-E43 -> -552.5 | G44: 0.73 | H44: =G44-G43 -> -9.75 | I44: 10 | J44: =I44-I43 -> -127 | K44: Range | L44: =MAX($C$33:$C$61)-MIN($C$33:$C$61) -> 24184 | M44: =MAX($E$33:$E$61)-MIN($E$33:$E$61) -> 1032.6 | N44: =MAX($G$33:$G$61)-MIN($G$33:$G$61) -> 17.41 | O44: =MAX($I$33:$I$61)-MIN($I$33:$I$61) -> 260
A45: 44 | B45: 43874 | C45: 11657 | D45: =C45-C44 -> 10640 | E45: 473.3 | F45: =E45-E44 -> 431 | G45: 8.39 | H45: =G45-G44 -> 7.66 | I45: 107 | J45: =I45-I44 -> 97 | K45: Minimum | L45: =MIN($C$33:$C$61) -> 915 | M45: =MIN($E$33:$E$61) -> 42.3 | N45: =MIN($G$33:$G$61) -> 0.66 | O45: =MIN($I$33:$I$61) -> 10
A46: 45 | B46: 43875 | C46: 3359 | D46: =C46-C45 -> -8298 | E46: 138.7 | F46: =E46-E45 -> -334.6 | G46: 2.42 | H46: =G46-G45 -> -5.97 | I46: 33 | J46: =I46-I45 -> -74 | K46: Maximum | L46: =MAX($C$33:$C$61) -> 25099 | M46: =MAX($E$33:$E$61) -> 1074.9 | N46: =MAX($G$33:$G$61) -> 18.07 | O46: =MAX($I$33:$I$61) -> 270
A47: 46 | B47: 43876 | C47: 4559 | D47: =C47-C46 -> 1200 | E47: 208.9 | F47: =E47-E46 -> 70.2 | G47: 3.28 | H47: =G47-G46 -> 0.86 | I47: 56 | J47: =I47-I46 -> 23 | K47: Sum | L47: =SUM($C$33:$C$61) -> 225682 | M47: =SUM($E$33:$E$61) -> 9645.8 | N47: =SUM($G$33:$G$61) -> 162.48 | O47: =SUM($I$33:$I$61) -> 2352
A48: 47 | B48: 43877 | C48: 5039 | D48: =C48-C47 -> 480 | E48: 234.2 | F48: =E48-E47 -> 25.3 | G48: 3.63 | H48: =G48-G47 -> 0.35 | I48: 64 | J48: =I48-I47 -> 8 | K48: Count | L48: =COUNT($C$33:$C$61) -> 29 | M48: =COUNT($E$33:$E$61) -> 29 | N48: =COUNT($G$33:$G$61) -> 29 | O48: =COUNT($I$33:$I$61) -> 29
A49: 48 | B49: 43878 | C49: 7885 | D49: =C49-C48 -> 2846 | E49: 330.5 | F49: =E49-E48 -> 96.3 | G49: 5.68 | H49: =G49-G48 -> 2.05 | I49: 80 | J49: =I49-I48 -> 16
A50: 49 | B50: 43879 | C50: 7682 | D50: =C50-C49 -> -203 | E50: 318.9 | F50: =E50-E49 -> -11.6 | G50: 5.53 | H50: =G50-G49 -> -0.15 | I50: 76 | J50: =I50-I49 -> -4
A51: 50 | B51: 43880 | C51: 8911 | D51: =C51-C50 -> 1229 | E51: 381.1 | F51: =E51-E50 -> 62.2 | G51: 6.42 | H51: =G51-G50 -> 0.89 | I51: 95 | J51: =I51-I50 -> 19
A52: 51 | B52: 43881 | C52: 2165 | D52: =C52-C51 -> -6746 | E52: 95 | F52: =E52-E51 -> -286.1 | G52: 1.56 | H52: =G52-G51 -> -4.86 | I52: 24 | J52: =I52-I51 -> -71
A53: 52 | B53: 43882 | C53: 6017 | D53: =C53-C52 -> 3852 | E53: 258.8 | F53: =E53-E52 -> 163.8 | G53: 4.33 | H53: =G53-G52 -> 2.77 | I53: 65 | J53: =I53-I52 -> 41
A54: 53 | B54: 43883 | C54: 915 | D54: =C54-C53 -> -5102 | E54: 44.2 | F54: =E54-E53 -> -214.6 | G54: 0.66 | H54: =G54-G53 -> -3.67 | I54: 12 | J54: =I54-I53 -> -53
A55: 54 | B55: 43884 | C55: 21623 | D55: =C55-C54 -> 20708 | E55: 950.8 | F55: =E55-E54 -> 906.6 | G55: 15.57 | H55: =G55-G54 -> 14.91 | I55: 247 | J55: =I55-I54 -> 235
A56: 55 | B56: 43885 | C56: 4958 | D56: =C56-C55 -> -16665 | E56: 222.4 | F56: =E56-E55 -> -728.4 | G56: 3.57 | H56: =G56-G55 -> -12 | I56: 58 | J56: =I56-I55 -> -189
A57: 56 | B57: 43886 | C57: 7916 | D57: =C57-C56 -> 2958 | E57: 331.6 | F57: =E57-E56 -> 109.2 | G57: 5.7 | H57: =G57-G56 -> 2.13 | I57: 80 | J57: =I57-I56 -> 22
A58: 57 | B58: 43887 | C58: 8077 | D58: =C58-C57 -> 161 | E58: 336.1 | F58: =E58-E57 -> 4.5 | G58: 5.82 | H58: =G58-G57 -> 0.12 | I58: 81 | J58: =I58-I57 -> 1
A59: 58 | B59: 43888 | C59: 7893 | D59: =C59-C58 -> -184 | E59: 325.7 | F59: =E59-E58 -> -10.4 | G59: 5.68 | H59: =G59-G58 -> -0.14 | I59: 76 | J59: =I59-I58 -> -5
A60: 59 | B60: 43889 | C60: 1549 | D60: =C60-C59 -> -6344 | E60: 63 | F60: =E60-E59 -> -262.7 | G60: 1.12 | H60: =G60-G59 -> -4.56 | I60: 14 | J60: =I60-I59 -> -62
A61: 60 | B61: 43890 | C61: 9576 | D61: =C61-C60 -> 8027 | E61: 409.1 | F61: =E61-E60 -> 346.1 | G61: 6.89 | H61: =G61-G60 -> 5.77 | I61: 102 | J61: =I61-I60 -> 88
A62: 61 | B62: 43891 | C62: 7107 | D62: =C62-C61 -> -2469 | E62: 300.3 | F62: =E62-E61 -> -108.8 | G62: 5.12 | H62: =G62-G61 -> -1.77 | I62: 74 | J62: =I62-I61 -> -28 | L62: Steps | M62: Colories | N62: Distance | O62: Time
A63: 62 | B63: 43892 | C63: 4307 | D63: =C63-C62 -> -2800 | E63: 176.7 | F63: =E63-E62 -> -123.6 | G63: 3.1 | H63: =G63-G62 -> -2.02 | I63: 41 | J63: =I63-I62 -> -33 | K63: Mean | L63: =AVERAGE($C$62:$C$92) -> 5775.4194 | M63: =AVERAGE($E$62:$E$92) -> 243.52258 | N63: =AVERAGE($G$62:$G$92) -> 4.1583871 | O63: =AVERAGE($I$62:$I$92) -> 58.903226
A64: 63 | B64: 43893 | C64: 8745 | D64: =C64-C63 -> 4438 | E64: 382.6 | F64: =E64-E63 -> 205.9 | G64: 6.3 | H64: =G64-G63 -> 3.2 | I64: 97 | J64: =I64-I63 -> 56 | K64: Standard Error | L64: =SQRT(VAR($C$62:$C$92)/COUNT($C$62:$C$92)) -> 1243.143 | M64: =SQRT(VAR($E$62:$E$92)/COUNT($E$62:$E$92)) -> 53.384452 | N64: =SQRT(VAR($G$62:$G$92)/COUNT($G$62:$G$92)) -> 0.89523987 | O64: =SQRT(VAR($I$62:$I$92)/COUNT($I$62:$I$92)) -> 13.388115
A65: 64 | B65: 43894 | C65: 3971 | D65: =C65-C64 -> -4774 | E65: 170.4 | F65: =E65-E64 -> -212.2 | G65: 2.86 | H65: =G65-G64 -> -3.44 | I65: 43 | J65: =I65-I64 -> -54 | K65: Mode | L65: =MODE($C$62:$C$92) -> #VALUE! | M65: =MODE($E$62:$E$92) -> 74.9 | N65: =MODE($G$62:$G$92) -> #VALUE! | O65: =MODE($I$62:$I$92) -> 17
A66: 65 | B66: 43895 | C66: 7997 | D66: =C66-C65 -> 4026 | E66: 339.2 | F66: =E66-E65 -> 168.8 | G66: 5.76 | H66: =G66-G65 -> 2.9 | I66: 84 | J66: =I66-I65 -> 41 | K66: Median | L66: =MEDIAN($C$62:$C$92) -> 3971 | M66: =MEDIAN($E$62:$E$92) -> 170.4 | N66: =MEDIAN($G$62:$G$92) -> 2.86 | O66: =MEDIAN($I$62:$I$92) -> 40
A67: 66 | B67: 43896 | C67: 12904 | D67: =C67-C66 -> 4907 | E67: 537.7 | F67: =E67-E66 -> 198.5 | G67: 9.29 | H67: =G67-G66 -> 3.53 | I67: 130 | J67: =I67-I66 -> 46 | K67: First Quartile | L67: =QUARTILE($C$62:$C$92, 1) -> 1779 | M67: =QUARTILE($E$62:$E$92, 1) -> 75.3 | N67: =QUARTILE($G$62:$G$92, 1) -> 1.285 | O67: =QUARTILE($I$62:$I$92, 1) -> 18.5
A68: 67 | B68: 43897 | C68: 30607 | D68: =C68-C67 -> 17703 | E68: 1260.3 | F68: =E68-E67 -> 722.6 | G68: 22.04 | H68: =G68-G67 -> 12.75 | I68: 297 | J68: =I68-I67 -> 167 | K68: Third Quartile | L68: =QUARTILE($C$62:$C$92, 3) -> 7403.5 | M68: =QUARTILE($E$62:$E$92, 3) -> 307.2 | N68: =QUARTILE($G$62:$G$92, 3) -> 5.33 | O68: =QUARTILE($I$62:$I$92, 3) -> 72.5
A69: 68 | B69: 43898 | C69: 7700 | D69: =C69-C68 -> -22907 | E69: 321.5 | F69: =E69-E68 -> -938.8 | G69: 5.54 | H69: =G69-G68 -> -16.5 | I69: 78 | J69: =I69-I68 -> -219 | K69: Variance | L69: =VAR($C$62:$C$92) -> 47907540 | M69: =VAR($E$62:$E$92) -> 88346.892 | N69: =VAR($G$62:$G$92) -> 24.845087 | O69: =VAR($I$62:$I$92) -> 5556.4903
A70: 69 | B70: 43899 | C70: 2084 | D70: =C70-C69 -> -5616 | E70: 84.4 | F70: =E70-E69 -> -237.1 | G70: 1.5 | H70: =G70-G69 -> -4.04 | I70: 19 | J70: =I70-I69 -> -59 | K70: Standard Deviation | L70: =STDEV($C$62:$C$92) -> 6921.5273 | M70: =STDEV($E$62:$E$92) -> 297.23205 | N70: =STDEV($G$62:$G$92) -> 4.9844847 | O70: =STDEV($I$62:$I$92) -> 74.54187
A71: 70 | B71: 43900 | C71: 4846 | D71: =C71-C70 -> 2762 | E71: 199.2 | F71: =E71-E70 -> 114.8 | G71: 3.49 | H71: =G71-G70 -> 1.99 | I71: 46 | J71: =I71-I70 -> 27 | K71: Kurtosis | L71: =KURT($C$62:$C$92) -> 7.6990999 | M71: =KURT($E$62:$E$92) -> 7.773902 | N71: =KURT($G$62:$G$92) -> 7.6991126 | O71: =KURT($I$62:$I$92) -> 8.2512151
A72: 71 | B72: 43901 | C72: 4817 | D72: =C72-C71 -> -29 | E72: 194.1 | F72: =E72-E71 -> -5.1 | G72: 3.47 | H72: =G72-G71 -> -0.02 | I72: 43 | J72: =I72-I71 -> -3 | K72: Skewness | L72: =SKEW($C$62:$C$92) -> 2.7193627 | M72: =SKEW($E$62:$E$92) -> 2.7528969 | N72: =SKEW($G$62:$G$92) -> 2.7193732 | O72: =SKEW($I$62:$I$92) -> 2.8332063
A73: 72 | B73: 43902 | C73: 8807 | D73: =C73-C72 -> 3990 | E73: 362.4 | F73: =E73-E72 -> 168.3 | G73: 6.34 | H73: =G73-G72 -> 2.87 | I73: 84 | J73: =I73-I72 -> 41 | K73: Range | L73: =MAX($C$62:$C$92)-MIN($C$62:$C$92) -> 30523 | M73: =MAX($E$62:$E$92)-MIN($E$62:$E$92) -> 1256.2 | N73: =MAX($G$62:$G$92)-MIN($G$62:$G$92) -> 21.98 | O73: =MAX($I$62:$I$92)-MIN($I$62:$I$92) -> 330
A74: 73 | B74: 43903 | C74: 7718 | D74: =C74-C73 -> -1089 | E74: 314.1 | F74: =E74-E73 -> -48.3 | G74: 5.56 | H74: =G74-G73 -> -0.78 | I74: 71 | J74: =I74-I73 -> -13 | K74: Minimum | L74: =MIN($C$62:$C$92) -> 84 | M74: =MIN($E$62:$E$92) -> 4.1 | N74: =MIN($G$62:$G$92) -> 0.06 | O74: =MIN($I$62:$I$92) -> 1
A75: 74 | B75: 43904 | C75: 27758 | D75: =C75-C74 -> 20040 | E75: 1252.2 | F75: =E75-E74 -> 938.1 | G75: 19.99 | H75: =G75-G74 -> 14.43 | I75: 331 | J75: =I75-I74 -> 260 | K75: Maximum | L75: =MAX($C$62:$C$92) -> 30607 | M75: =MAX($E$62:$E$92) -> 1260.3 | N75: =MAX($G$62:$G$92) -> 22.04 | O75: =MAX($I$62:$I$92) -> 331
A76: 75 | B76: 43905 | C76: 1799 | D76: =C76-C75 -> -25959 | E76: 74.9 | F76: =E76-E75 -> -1177.3 | G76: 1.3 | H76: =G76-G75 -> -18.69 | I76: 17 | J76: =I76-I75 -> -314 | K76: Sum | L76: =SUM($C$62:$C$92) -> 179038 | M76: =SUM($E$62:$E$92) -> 7549.2 | N76: =SUM($G$62:$G$92) -> 128.91 | O76: =SUM($I$62:$I$92) -> 1826
A77: 76 | B77: 43906 | C77: 1621 | D77: =C77-C76 -> -178 | E77: 69.3 | F77: =E77-E76 -> -5.6 | G77: 1.17 | H77: =G77-G76 -> -0.13 | I77: 17 | J77: =I77-I76 -> 0 | K77: Count | L77: =COUNT($C$62:$C$92) -> 31 | M77: =COUNT($E$62:$E$92) -> 31 | N77: =COUNT($G$62:$G$92) -> 31 | O77: =COUNT($I$62:$I$92) -> 31
A78: 77 | B78: 43907 | C78: 4837 | D78: =C78-C77 -> 3216 | E78: 196.6 | F78: =E78-E77 -> 127.3 | G78: 3.48 | H78: =G78-G77 -> 2.31 | I78: 45 | J78: =I78-I77 -> 28
A79: 78 | B79: 43908 | C79: 2284 | D79: =C79-C78 -> -2553 | E79: 93.7 | F79: =E79-E78 -> -102.9 | G79: 1.64 | H79: =G79-G78 -> -1.84 | I79: 21 | J79: =I79-I78 -> -24
A80: 79 | B80: 43909 | C80: 198 | D80: =C80-C79 -> -2086 | E80: 8.8 | F80: =E80-E79 -> -84.9 | G80: 0.14 | H80: =G80-G79 -> -1.5 | I80: 2 | J80: =I80-I79 -> -19
A81: 80 | B81: 43910 | C81: 4528 | D81: =C81-C80 -> 4330 | E81: 185.9 | F81: =E81-E80 -> 177.1 | G81: 3.26 | H81: =G81-G80 -> 3.12 | I81: 43 | J81: =I81-I80 -> 41
A82: 81 | B82: 43911 | C82: 1744 | D82: =C82-C81 -> -2784 | E82: 74.9 | F82: =E82-E81 -> -111 | G82: 1.26 | H82: =G82-G81 -> -2 | I82: 18 | J82: =I82-I81 -> -25
A83: 82 | B83: 43912 | C83: 84 | D83: =C83-C82 -> -1660 | E83: 4.1 | F83: =E83-E82 -> -70.8 | G83: 0.06 | H83: =G83-G82 -> -1.2 | I83: 1 | J83: =I83-I82 -> -17
A84: 83 | B84: 43913 | C84: 1759 | D84: =C84-C83 -> 1675 | E84: 75.7 | F84: =E84-E83 -> 71.6 | G84: 1.27 | H84: =G84-G83 -> 1.21 | I84: 19 | J84: =I84-I83 -> 18
A85: 84 | B85: 43914 | C85: 1471 | D85: =C85-C84 -> -288 | E85: 61.3 | F85: =E85-E84 -> -14.4 | G85: 1.06 | H85: =G85-G84 -> -0.21 | I85: 14 | J85: =I85-I84 -> -5
A86: 85 | B86: 43915 | C86: 1269 | D86: =C86-C85 -> -202 | E86: 55.4 | F86: =E86-E85 -> -5.9 | G86: 0.91 | H86: =G86-G85 -> -0.15 | I86: 14 | J86: =I86-I85 -> 0
A87: 86 | B87: 43916 | C87: 1548 | D87: =C87-C86 -> 279 | E87: 68 | F87: =E87-E86 -> 12.6 | G87: 1.11 | H87: =G87-G86 -> 0.2 | I87: 17 | J87: =I87-I86 -> 3
A88: 87 | B88: 43917 | C88: 3767 | D88: =C88-C87 -> 2219 | E88: 160.1 | F88: =E88-E87 -> 92.1 | G88: 2.71 | H88: =G88-G87 -> 1.6 | I88: 39 | J88: =I88-I87 -> 22
A89: 88 | B89: 43918 | C89: 2199 | D89: =C89-C88 -> -1568 | E89: 94.5 | F89: =E89-E88 -> -65.6 | G89: 1.58 | H89: =G89-G88 -> -1.13 | I89: 23 | J89: =I89-I88 -> -16
... A92: 91 | B92: 43921 | C92: 3231 | D92: =C92-C91 -> -1163 | E92: 133.5 | F92: =E92-E91 -> -44.5 | G92: 2.33 | H92: =G92-G91 -> -0.83 | I92: 31 | J92: =I92-I91 -> -9
A93: 92 | B93: 43922 | C93: 3362 | D93: =C93-C92 -> 131 | E93: 136.8 | F93: =E93-E92 -> 3.3 | G93: 2.43 | H93: =G93-G92 -> 0.1 | I93: 31 | J93: =I93-I92 -> 0 | L93: Steps | M93: Calories | N93: Distance | O93: Time
A94: 93 | B94: 43923 | C94: 275 | D94: =C94-C93 -> -3087 | E94: 11.6 | F94: =E94-E93 -> -125.2 | G94: 0.2 | H94: =G94-G93 -> -2.23 | I94: 2 | J94: =I94-I93 -> -29 | K94: Mean | L94: =AVERAGE($C$93:$C$122) -> 3218.7333 | M94: =AVERAGE($E$93:$E$122) -> 132.85333 | N94: =AVERAGE($G$93:$G$122) -> 2.3183333 | O94: =AVERAGE($I$93:$I$122) -> 30.7
A95: 94 | B95: 43924 | C95: 3591 | D95: =C95-C94 -> 3316 | E95: 147.7 | F95: =E95-E94 -> 136.1 | G95: 2.59 | H95: =G95-G94 -> 2.39 | I95: 34 | J95: =I95-I94 -> 32 | K95: Standard Error | L95: =SQRT(VAR($C$93:$C$122)/COUNT($C$93:$C$122)) -> 378.49042 | M95: =SQRT(VAR($E$93:$E$122)/COUNT($E$93:$E$122)) -> 15.490934 | N95: =SQRT(VAR($G$93:$G$122)/COUNT($G$93:$G$122)) -> 0.2727034 | O95: =SQRT(VAR($I$93:$I$122)/COUNT($I$93:$I$122)) -> 3.6170573
A96: 95 | B96: 43925 | C96: 2378 | D96: =C96-C95 -> -1213 | E96: 102.6 | F96: =E96-E95 -> -45.1 | G96: 1.71 | H96: =G96-G95 -> -0.88 | I96: 25 | J96: =I96-I95 -> -9 | K96: Mode | L96: =MODE($C$93:$C$122) -> #VALUE! | M96: =MODE($E$93:$E$122) -> #VALUE! | N96: =MODE($G$93:$G$122) -> 1.92 | O96: =MODE($I$93:$I$122) -> 2
A97: 96 | B97: 43926 | C97: 1747 | D97: =C97-C96 -> -631 | E97: 73.3 | F97: =E97-E96 -> -29.3 | G97: 1.26 | H97: =G97-G96 -> -0.45 | I97: 17 | J97: =I97-I96 -> -8 | K97: Median | L97: =MEDIAN($C$93:$C$122) -> 3004.5 | M97: =MEDIAN($E$93:$E$122) -> 125.55 | N97: =MEDIAN($G$93:$G$122) -> 2.165 | O97: =MEDIAN($I$93:$I$122) -> 29
A98: 97 | B98: 43927 | C98: 2861 | D98: =C98-C97 -> 1114 | E98: 120.1 | F98: =E98-E97 -> 46.8 | G98: 2.06 | H98: =G98-G97 -> 0.8 | I98: 29 | J98: =I98-I97 -> 12 | K98: First Quartile | L98: =QUARTILE($C$93:$C$122, 1) -> 1909 | M98: =QUARTILE($E$93:$E$122, 1) -> 79.25 | N98: =QUARTILE($G$93:$G$122, 1) -> 1.3725 | O98: =QUARTILE($I$93:$I$122, 1) -> 18.25
A99: 98 | B99: 43928 | C99: 3148 | D99: =C99-C98 -> 287 | E99: 131 | F99: =E99-E98 -> 10.9 | G99: 2.27 | H99: =G99-G98 -> 0.21 | I99: 31 | J99: =I99-I98 -> 2 | K99: Third Quartile | L99: =QUARTILE($C$93:$C$122, 3) -> 3944.25 | M99: =QUARTILE($E$93:$E$122, 3) -> 164.7 | N99: =QUARTILE($G$93:$G$122, 3) -> 2.84 | O99: =QUARTILE($I$93:$I$122, 3) -> 38.75
A100: 99 | B100: 43929 | C100: 1906 | D100: =C100-C99 -> -1242 | E100: 81.3 | F100: =E100-E99 -> -49.7 | G100: 1.37 | H100: =G100-G99 -> -0.9 | I100: 20 | J100: =I100-I99 -> -11 | K100: Variance | L100: =VAR($C$93:$C$122) -> 4297649.9 | M100: =VAR($E$93:$E$122) -> 7199.0709 | N100: =VAR($G$93:$G$122) -> 2.2310144 | O100: =VAR($I$93:$I$122) -> 392.4931
A101: 100 | B101: 43930 | C101: 6359 | D101: =C101-C100 -> 4453 | E101: 259.2 | F101: =E101-E100 -> 177.9 | G101: 4.58 | H101: =G101-G100 -> 3.21 | I101: 59 | J101: =I101-I100 -> 39 | K101: Standard Deviation | L101: =STDEV($C$93:$C$122) -> 2073.0774 | M101: =STDEV($E$93:$E$122) -> 84.847339 | N101: =STDEV($G$93:$G$122) -> 1.493658 | O101: =STDEV($I$93:$I$122) -> 19.811439
A102: 101 | B102: 43931 | C102: 1940 | D102: =C102-C101 -> -4419 | E102: 78.6 | F102: =E102-E101 -> -180.6 | G102: 1.4 | H102: =G102-G101 -> -3.18 | I102: 17 | J102: =I102-I101 -> -42 | K102: Kurtosis | L102: =KURT($C$93:$C$122) -> 3.0804143 | M102: =KURT($E$93:$E$122) -> 3.2187782 | N102: =KURT($G$93:$G$122) -> 3.0737335 | O102: =KURT($I$93:$I$122) -> 3.6771721
A103: 102 | B103: 43932 | C103: 4986 | D103: =C103-C102 -> 3046 | E103: 203.8 | F103: =E103-E102 -> 125.2 | G103: 3.59 | H103: =G103-G102 -> 2.19 | I103: 46 | J103: =I103-I102 -> 29 | K103: Skewness | L103: =SKEW($C$93:$C$122) -> 1.2744741 | M103: =SKEW($E$93:$E$122) -> 1.2962149 | N103: =SKEW($G$93:$G$122) -> 1.2731008 | O103: =SKEW($I$93:$I$122) -> 1.3811319
A104: 103 | B104: 43933 | C104: 2661 | D104: =C104-C103 -> -2325 | E104: 107.2 | F104: =E104-E103 -> -96.6 | G104: 1.92 | H104: =G104-G103 -> -1.67 | I104: 23 | J104: =I104-I103 -> -23 | K104: Range | L104: =MAX($C$93:$C$122)-MIN($C$93:$C$122) -> 9962 | M104: =MAX($E$93:$E$122)-MIN($E$93:$E$122) -> 410 | N104: =MAX($G$93:$G$122)-MIN($G$93:$G$122) -> 7.18 | O104: =MAX($I$93:$I$122)-MIN($I$93:$I$122) -> 97
...

Sheet 2021
A1: Number | B1: Day | C1: Steps | D1: Difference | E1: Calories | F1: Difference of C | G1: Distance | H1: Difference of D | I1: Time | J1: Difference of time | L1: Steps | M1: Calories | N1: Distance | O1: Time
A2: 1 | B2: 44197 | C2: 2713 | D2: =C1-C2 -> #VALUE! | E2: 124.5 | F2: =E1-E2 -> #VALUE! | G2: 1.95 | H2: =G2-G1 -> #VALUE! | I2: 33 | J2: =I1-I2 -> #VALUE! | K2: Mean | L2: =AVERAGE($C$1:$C$32) -> 4574.4839 | M2: =AVERAGE($E$1:$E$32) -> 203.92581 | N2: =AVERAGE($G$1:$G$32) -> 3.293871 | O2: =AVERAGE($I$1:$I$32) -> 52.645161
A3: 2 | B3: 44198 | C3: 795 | D3: =C2-C3 -> 1918 | E3: 36.4 | F3: =E2-E3 -> 88.1 | G3: 0.57 | H3: =G3-G2 -> -1.38 | I3: 9 | J3: =I2-I3 -> 24 | K3: Standard Error | L3: =SQRT(VAR($C$1:$C$32)/COUNT($C$1:$C$32)) -> 808.07641 | M3: =SQRT(VAR($E$1:$E$32)/COUNT($E$1:$E$32)) -> 34.528427 | N3: =SQRT(VAR($G$1:$G$32)/COUNT($G$1:$G$32)) -> 0.58178474 | O3: =SQRT(VAR($I$1:$I$32)/COUNT($I$1:$I$32)) -> 8.6434198
A4: 3 | B4: 44199 | C4: 757 | D4: =C3-C4 -> 38 | E4: 35.8 | F4: =E3-E4 -> 0.6 | G4: 0.55 | H4: =G4-G3 -> -0.02 | I4: 9 | J4: =I3-I4 -> 0 | K4: Mode | L4: =MODE($C$1:$C$32) -> 2262 | M4: =MODE($E$1:$E$32) -> #VALUE! | N4: =MODE($G$1:$G$32) -> 1.63 | O4: =MODE($I$1:$I$32) -> 25
A5: 4 | B5: 44200 | C5: 4400 | D5: =C4-C5 -> -3643 | E5: 196.6 | F5: =E4-E5 -> -160.8 | G5: 3.17 | H5: =G5-G4 -> 2.62 | I5: 51 | J5: =I4-I5 -> -42 | K5: Median | L5: =MEDIAN($C$1:$C$32) -> 2733 | M5: =MEDIAN($E$1:$E$32) -> 134.7 | N5: =MEDIAN($G$1:$G$32) -> 1.97 | O5: =MEDIAN($I$1:$I$32) -> 37
A6: 5 | B6: 44201 | C6: 2220 | D6: =C5-C6 -> 2180 | E6: 97 | F6: =E5-E6 -> 99.6 | G6: 1.6 | H6: =G6-G5 -> -1.57 | I6: 25 | J6: =I5-I6 -> 26 | K6: First Quartile | L6: =QUARTILE($C$1:$C$32, 1) -> 1845 | M6: =QUARTILE($E$1:$E$32, 1) -> 88.95 | N6: =QUARTILE($G$1:$G$32, 1) -> 1.325 | O6: =QUARTILE($I$1:$I$32, 1) -> 24.5
A7: 6 | B7: 44202 | C7: 1923 | D7: =C6-C7 -> 297 | E7: 91.1 | F7: =E6-E7 -> 5.9 | G7: 1.38 | H7: =G7-G6 -> -0.22 | I7: 25 | J7: =I6-I7 -> 0 | K7: Third Quartile | L7: =QUARTILE($C$1:$C$32, 3) -> 5337.5 | M7: =QUARTILE($E$1:$E$32, 3) -> 234.85 | N7: =QUARTILE($G$1:$G$32, 3) -> 3.845 | O7: =QUARTILE($I$1:$I$32, 3) -> 60
A8: 7 | B8: 44203 | C8: 2262 | D8: =C7-C8 -> -339 | E8: 106.7 | F8: =E7-E8 -> -15.6 | G8: 1.63 | H8: =G8-G7 -> 0.25 | I8: 29 | J8: =I7-I8 -> -4 | K8: Variance | L8: =VAR($C$1:$C$32) -> 20242612 | M8: =VAR($E$1:$E$32) -> 36958.581 | N8: =VAR($G$1:$G$32) -> 10.492678 | O8: =VAR($I$1:$I$32) -> 2315.9699
A9: 8 | B9: 44204 | C9: 2817 | D9: =C8-C9 -> -555 | E9: 134.7 | F9: =E8-E9 -> -28 | G9: 2.03 | H9: =G9-G8 -> 0.4 | I9: 37 | J9: =I8-I9 -> -8 | K9: Standard Deviation | L9: =STDEV($C$1:$C$32) -> 4499.1791 | M9: =STDEV($E$1:$E$32) -> 192.24615 | N9: =STDEV($G$1:$G$32) -> 3.2392403 | O9: =STDEV($I$1:$I$32) -> 48.124525
A10: 9 | B10: 44205 | C10: 1184 | D10: =C9-C10 -> 1633 | E10: 57.6 | F10: =E9-E10 -> 77.1 | G10: 0.85 | H10: =G10-G9 -> -1.18 | I10: 16 | J10: =I9-I10 -> 21 | K10: Kurtosis | L10: =KURT($C$1:$C$32) -> 3.3982453 | M10: =KURT($E$1:$E$32) -> 3.7462619 | N10: =KURT($G$1:$G$32) -> 3.3969787 | O10: =KURT($I$1:$I$32) -> 4.2743676
A11: 10 | B11: 44206 | C11: 1508 | D11: =C10-C11 -> -324 | E11: 73.4 | F11: =E10-E11 -> -15.8 | G11: 1.09 | H11: =G11-G10 -> 0.24 | I11: 20 | J11: =I10-I11 -> -4 | K11: Skewness | L11: =SKEW($C$1:$C$32) -> 1.9363532 | M11: =SKEW($E$1:$E$32) -> 1.975955 | N11: =SKEW($G$1:$G$32) -> 1.9360778 | O11: =SKEW($I$1:$I$32) -> 2.0306687
A12: 11 | B12: 44207 | C12: 6615 | D12: =C11-C12 -> -5107 | E12: 289.4 | F12: =E11-E12 -> -216 | G12: 4.76 | H12: =G12-G11 -> 3.67 | I12: 74 | J12: =I11-I12 -> -54 | K12: Range | L12: =MAX($C$1:$C$32)-MIN($C$1:$C$32) -> 18325 | M12: =MAX($E$1:$E$32)-MIN($E$1:$E$32) -> 809.1 | N12: =MAX($G$1:$G$32)-MIN($G$1:$G$32) -> 13.19 | O12: =MAX($I$1:$I$32)-MIN($I$1:$I$32) -> 211
A13: 12 | B13: 44208 | C13: 3916 | D13: =C12-C13 -> 2699 | E13: 177.7 | F13: =E12-E13 -> 111.7 | G13: 2.82 | H13: =G13-G12 -> -1.94 | I13: 47 | J13: =I12-I13 -> 27 | K13: Minimum | L13: =MIN($C$1:$C$32) -> 566 | M13: =MIN($E$1:$E$32) -> 25.5 | N13: =MIN($G$1:$G$32) -> 0.41 | O13: =MIN($I$1:$I$32) -> 6
A14: 13 | B14: 44209 | C14: 1592 | D14: =C13-C14 -> 2324 | E14: 73.5 | F14: =E13-E14 -> 104.2 | G14: 1.15 | H14: =G14-G13 -> -1.67 | I14: 19 | J14: =I13-I14 -> 28 | K14: Maximum | L14: =MAX($C$1:$C$32) -> 18891 | M14: =MAX($E$1:$E$32) -> 834.6 | N14: =MAX($G$1:$G$32) -> 13.6 | O14: =MAX($I$1:$I$32) -> 217
A15: 14 | B15: 44210 | C15: 2706 | D15: =C14-C15 -> -1114 | E15: 130.8 | F15: =E14-E15 -> -57.3 | G15: 1.95 | H15: =G15-G14 -> 0.8 | I15: 36 | J15: =I14-I15 -> -17 | K15: Sum | L15: =SUM($C$1:$C$32) -> 141809 | M15: =SUM($E$1:$E$32) -> 6321.7 | N15: =SUM($G$1:$G$32) -> 102.11 | O15: =SUM($I$1:$I$32) -> 1632
A16: 15 | B16: 44211 | C16: 4841 | D16: =C15-C16 -> -2135 | E16: 210.8 | F16: =E15-E16 -> -80 | G16: 3.49 | H16: =G16-G15 -> 1.54 | I16: 53 | J16: =I15-I16 -> -17 | K16: Count | L16: =COUNT($C$1:$C$32) -> 31 | M16: =COUNT($E$1:$E$32) -> 31 | N16: =COUNT($G$1:$G$32) -> 31 | O16: =COUNT($I$1:$I$32) -> 31
A17: 16 | B17: 44212 | C17: 3375 | D17: =C16-C17 -> 1466 | E17: 172 | F17: =E16-E17 -> 38.8 | G17: 2.43 | H17: =G17-G16 -> -1.06 | I17: 50 | J17: =I16-I17 -> 3
A18: 17 | B18: 44213 | C18: 2733 | D18: =C17-C18 -> 642 | E18: 137 | F18: =E17-E18 -> 35 | G18: 1.97 | H18: =G18-G17 -> -0.46 | I18: 39 | J18: =I17-I18 -> 11
A19: 18 | B19: 44214 | C19: 7524 | D19: =C18-C19 -> -4791 | E19: 333.6 | F19: =E18-E19 -> -196.6 | G19: 5.42 | H19: =G19-G18 -> 3.45 | I19: 87 | J19: =I18-I19 -> -48
A20: 19 | B20: 44215 | C20: 1892 | D20: =C19-C20 -> 5632 | E20: 92 | F20: =E19-E20 -> 241.6 | G20: 1.36 | H20: =G20-G19 -> -4.06 | I20: 25 | J20: =I19-I20 -> 62
A21: 20 | B21: 44216 | C21: 15524 | D21: =C20-C21 -> -13632 | E21: 670.8 | F21: =E20-E21 -> -578.8 | G21: 11.18 | H21: =G21-G20 -> 9.82 | I21: 168 | J21: =I20-I21 -> -143
A22: 21 | B22: 44217 | C22: 9319 | D22: =C21-C22 -> 6205 | E22: 396.3 | F22: =E21-E22 -> 274.5 | G22: 6.71 | H22: =G22-G21 -> -4.47 | I22: 98 | J22: =I21-I22 -> 70
A23: 22 | B23: 44218 | C23: 5834 | D23: =C22-C23 -> 3485 | E23: 258.9 | F23: =E22-E23 -> 137.4 | G23: 4.2 | H23: =G23-G22 -> -2.51 | I23: 67 | J23: =I22-I23 -> 31
A24: 23 | B24: 44219 | C24: 18891 | D24: =C23-C24 -> -13057 | E24: 834.6 | F24: =E23-E24 -> -575.7 | G24: 13.6 | H24: =G24-G23 -> 9.4 | I24: 217 | J24: =I23-I24 -> -150
A25: 24 | B25: 44220 | C25: 14365 | D25: =C24-C25 -> 4526 | E25: 599.9 | F25: =E24-E25 -> 234.7 | G25: 10.34 | H25: =G25-G24 -> -3.26 | I25: 143 | J25: =I24-I25 -> 74
A26: 25 | B26: 44221 | C26: 4341 | D26: =C25-C26 -> 10024 | E26: 176.9 | F26: =E25-E26 -> 423 | G26: 3.13 | H26: =G26-G25 -> -7.21 | I26: 40 | J26: =I25-I26 -> 103
A27: 26 | B27: 44222 | C27: 2262 | D27: =C26-C27 -> 2079 | E27: 110.3 | F27: =E26-E27 -> 66.6 | G27: 1.63 | H27: =G27-G26 -> -1.5 | I27: 31 | J27: =I26-I27 -> 9
A28: 27 | B28: 44223 | C28: 7973 | D28: =C27-C28 -> -5711 | E28: 345 | F28: =E27-E28 -> -234.7 | G28: 5.74 | H28: =G28-G27 -> 4.11 | I28: 87 | J28: =I27-I28 -> -56
... A32: 31 | B32: 44227 | C32: 1644 | D32: =C31-C32 -> -1078 | E32: 81.9 | F32: =E31-E32 -> -56.4 | G32: 1.18 | H32: =G32-G31 -> 0.77 | I32: 23 | J32: =I31-I32 -> -17
A33: 32 | B33: 44228 | C33: 9974 | D33: =C32-C33 -> -8330 | E33: 438.1 | F33: =E32-E33 -> -356.2 | G33: 7.18 | H33: =G33-G32 -> 6 | I33: 113 | J33: =I32-I33 -> -90 | L33: Steps | M33: Calories | N33: Distance | O33: Time
A34: 33 | B34: 44229 | C34: 8399 | D34: =C33-C34 -> 1575 | E34: 360.8 | F34: =E33-E34 -> 77.3 | G34: 6.05 | H34: =G34-G33 -> -1.13 | I34: 90 | J34: =I33-I34 -> 23 | K34: Mean | L34: =AVERAGE($C$33:$C$60) -> 6831.8214 | M34: =AVERAGE($E$33:$E$60) -> 299.82143 | N34: =AVERAGE($G$33:$G$60) -> 4.9192857 | O34: =AVERAGE($I$33:$I$60) -> 76.607143
A35: 34 | B35: 44230 | C35: 4745 | D35: =C34-C35 -> 3654 | E35: 216.3 | F35: =E34-E35 -> 144.5 | G35: 3.42 | H35: =G35-G34 -> -2.63 | I35: 57 | J35: =I34-I35 -> 33 | K35: Standard Error | L35: =SQRT(VAR($C$33:$C$60)/COUNT($C$33:$C$60)) -> 902.07121 | M35: =SQRT(VAR($E$33:$E$60)/COUNT($E$33:$E$60)) -> 37.723481 | N35: =SQRT(VAR($G$33:$G$60)/COUNT($G$33:$G$60)) -> 0.64961139 | O35: =SQRT(VAR($I$33:$I$60)/COUNT($I$33:$I$60)) -> 9.1793331
A36: 35 | B36: 44231 | C36: 2726 | D36: =C35-C36 -> 2019 | E36: 118.2 | F36: =E35-E36 -> 98.1 | G36: 1.96 | H36: =G36-G35 -> -1.46 | I36: 30 | J36: =I35-I36 -> 27 | K36: Mode | L36: =MODE($C$33:$C$60) -> #VALUE! | M36: =MODE($E$33:$E$60) -> #VALUE! | N36: =MODE($G$33:$G$60) -> #VALUE! | O36: =MODE($I$33:$I$60) -> 29
A37: 36 | B37: 44232 | C37: 7471 | D37: =C36-C37 -> -4745 | E37: 321.5 | F37: =E36-E37 -> -203.3 | G37: 5.38 | H37: =G37-G36 -> 3.42 | I37: 81 | J37: =I36-I37 -> -51 | K37: Median | L37: =MEDIAN($C$33:$C$60) -> 5499.5 | M37: =MEDIAN($E$33:$E$60) -> 254.65 | N37: =MEDIAN($G$33:$G$60) -> 3.96 | O37: =MEDIAN($I$33:$I$60) -> 68
A38: 37 | B38: 44233 | C38: 3280 | D38: =C37-C38 -> 4191 | E38: 154.4 | F38: =E37-E38 -> 167.1 | G38: 2.36 | H38: =G38-G37 -> -3.02 | I38: 42 | J38: =I37-I38 -> 39 | K38: First Quartile | L38: =QUARTILE($C$33:$C$60, 1) -> 3196.5 | M38: =QUARTILE($E$33:$E$60, 1) -> 142.5 | N38: =QUARTILE($G$33:$G$60, 1) -> 2.3 | O38: =QUARTILE($I$33:$I$60, 1) -> 36.25
A39: 38 | B39: 44234 | C39: 15771 | D39: =C38-C39 -> -12491 | E39: 690 | F39: =E38-E39 -> -535.6 | G39: 11.36 | H39: =G39-G38 -> 9 | I39: 178 | J39: =I38-I39 -> -136 | K39: Third Quartile | L39: =QUARTILE($C$33:$C$60, 3) -> 8491 | M39: =QUARTILE($E$33:$E$60, 3) -> 368.575 | N39: =QUARTILE($G$33:$G$60, 3) -> 6.115 | O39: =QUARTILE($I$33:$I$60, 3) -> 93.75
A40: 39 | B40: 44235 | C40: 5141 | D40: =C39-C40 -> 10630 | E40: 233.4 | F40: =E39-E40 -> 456.6 | G40: 3.7 | H40: =G40-G39 -> -7.66 | I40: 62 | J40: =I39-I40 -> 116 | K40: Variance | L40: =VAR($C$33:$C$60) -> 22784509 | M40: =VAR($E$33:$E$60) -> 39845.708 | N40: =VAR($G$33:$G$60) -> 11.815859 | O40: =VAR($I$33:$I$60) -> 2359.2844
A41: 40 | B41: 44236 | C41: 3333 | D41: =C40-C41 -> 1808 | E41: 146.2 | F41: =E40-E41 -> 87.2 | G41: 2.4 | H41: =G41-G40 -> -1.3 | I41: 37 | J41: =I40-I41 -> 25 | K41: Standard Deviation | L41: =STDEV($C$33:$C$60) -> 4773.3122 | M41: =STDEV($E$33:$E$60) -> 199.6139 | N41: =STDEV($G$33:$G$60) -> 3.4374204 | O41: =STDEV($I$33:$I$60) -> 48.572465
A42: 41 | B42: 44237 | C42: 2385 | D42: =C41-C42 -> 948 | E42: 108.4 | F42: =E41-E42 -> 37.8 | G42: 1.72 | H42: =G42-G41 -> -0.68 | I42: 29 | J42: =I41-I42 -> 8 | K42: Kurtosis | L42: =KURT($C$33:$C$60) -> 0.37747547 | M42: =KURT($E$33:$E$60) -> 0.17920058 | N42: =KURT($G$33:$G$60) -> 0.37719986 | O42: =KURT($I$33:$I$60) -> -0.035028051
A43: 42 | B43: 44238 | C43: 4291 | D43: =C42-C43 -> -1906 | E43: 203 | F43: =E42-E43 -> -94.6 | G43: 3.09 | H43: =G43-G42 -> 1.37 | I43: 56 | J43: =I42-I43 -> -27 | K43: Skewness | L43: =SKEW($C$33:$C$60) -> 1.0333586 | M43: =SKEW($E$33:$E$60) -> 0.94885479 | N43: =SKEW($G$33:$G$60) -> 1.0333983 | O43: =SKEW($I$33:$I$60) -> 0.84123257
A44: 43 | B44: 44239 | C44: 1744 | D44: =C43-C44 -> 2547 | E44: 84 | F44: =E43-E44 -> 119 | G44: 1.26 | H44: =G44-G43 -> -1.83 | I44: 23 | J44: =I43-I44 -> 33 | K44: Range | L44: =MAX($C$33:$C$60)-MIN($C$33:$C$60) -> 17430 | M44: =MAX($E$33:$E$60)-MIN($E$33:$E$60) -> 712 | N44: =MAX($G$33:$G$60)-MIN($G$33:$G$60) -> 12.55 | O44: =MAX($I$33:$I$60)-MIN($I$33:$I$60) -> 166
A45: 44 | B45: 44240 | C45: 1130 | D45: =C44-C45 -> 614 | E45: 56 | F45: =E44-E45 -> 28 | G45: 0.81 | H45: =G45-G44 -> -0.45 | I45: 16 | J45: =I44-I45 -> 7 | K45: Minimum | L45: =MIN($C$33:$C$60) -> 1054 | M45: =MIN($E$33:$E$60) -> 48.1 | N45: =MIN($G$33:$G$60) -> 0.76 | O45: =MIN($I$33:$I$60) -> 12
A46: 45 | B46: 44241 | C46: 8150 | D46: =C45-C46 -> -7020 | E46: 366.7 | F46: =E45-E46 -> -310.7 | G46: 5.87 | H46: =G46-G45 -> 5.06 | I46: 96 | J46: =I45-I46 -> -80 | K46: Maximum | L46: =MAX($C$33:$C$60) -> 18484 | M46: =MAX($E$33:$E$60) -> 760.1 | N46: =MAX($G$33:$G$60) -> 13.31 | O46: =MAX($I$33:$I$60) -> 178
A47: 46 | B47: 44242 | C47: 5336 | D47: =C46-C47 -> 2814 | E47: 244.6 | F47: =E46-E47 -> 122.1 | G47: 3.84 | H47: =G47-G46 -> -2.03 | I47: 66 | J47: =I46-I47 -> 30 | K47: Sum | L47: =SUM($C$33:$C$60) -> 191291 | M47: =SUM($E$33:$E$60) -> 8395 | N47: =SUM($G$33:$G$60) -> 137.74 | O47: =SUM($I$33:$I$60) -> 2145
A48: 47 | B48: 44243 | C48: 4353 | D48: =C47-C48 -> 983 | E48: 209.6 | F48: =E47-E48 -> 35 | G48: 3.13 | H48: =G48-G47 -> -0.71 | I48: 58 | J48: =I47-I48 -> 8 | K48: Count | L48: =COUNT($C$33:$C$60) -> 28 | M48: =COUNT($E$33:$E$60) -> 28 | N48: =COUNT($G$33:$G$60) -> 28 | O48: =COUNT($I$33:$I$60) -> 28
A49: 48 | B49: 44244 | C49: 16461 | D49: =C48-C49 -> -12108 | E49: 702.7 | F49: =E48-E49 -> -493.1 | G49: 11.85 | H49: =G49-G48 -> 8.72 | I49: 174 | J49: =I48-I49 -> -116
A50: 49 | B50: 44245 | C50: 7790 | D50: =C49-C50 -> 8671 | E50: 346.1 | F50: =E49-E50 -> 356.6 | G50: 5.61 | H50: =G50-G49 -> -6.24 | I50: 89 | J50: =I49-I50 -> 85
A51: 50 | B51: 44246 | C51: 14647 | D51: =C50-C51 -> -6857 | E51: 620.4 | F51: =E50-E51 -> -274.3 | G51: 10.55 | H51: =G51-G50 -> 4.94 | I51: 154 | J51: =I50-I51 -> -65
A52: 51 | B52: 44247 | C52: 2946 | D52: =C51-C52 -> 11701 | E52: 131.4 | F52: =E51-E52 -> 489 | G52: 2.12 | H52: =G52-G51 -> -8.43 | I52: 34 | J52: =I51-I52 -> 120
A53: 52 | B53: 44248 | C53: 2473 | D53: =C52-C53 -> 473 | E53: 111.7 | F53: =E52-E53 -> 19.7 | G53: 1.78 | H53: =G53-G52 -> -0.34 | I53: 29 | J53: =I52-I53 -> 5
A54: 53 | B54: 44249 | C54: 10530 | D54: =C53-C54 -> -8057 | E54: 465.6 | F54: =E53-E54 -> -353.9 | G54: 7.58 | H54: =G54-G53 -> 5.8 | I54: 120 | J54: =I53-I54 -> -91
A55: 54 | B55: 44250 | C55: 5663 | D55: =C54-C55 -> 4867 | E55: 264.7 | F55: =E54-E55 -> 200.9 | G55: 4.08 | H55: =G55-G54 -> -3.5 | I55: 72 | J55: =I54-I55 -> 48
A56: 55 | B56: 44251 | C56: 6141 | D56: =C55-C56 -> -478 | E56: 271.8 | F56: =E55-E56 -> -7.1 | G56: 4.42 | H56: =G56-G55 -> 0.34 | I56: 70 | J56: =I55-I56 -> 2
A57: 56 | B57: 44252 | C57: 1054 | D57: =C56-C57 -> 5087 | E57: 48.1 | F57: =E56-E57 -> 223.7 | G57: 0.76 | H57: =G57-G56 -> -3.66 | I57: 12 | J57: =I56-I57 -> 58
A58: 57 | B58: 44253 | C58: 8767 | D58: =C57-C58 -> -7713 | E58: 374.2 | F58: =E57-E58 -> -326.1 | G58: 6.31 | H58: =G58-G57 -> 5.55 | I58: 93 | J58: =I57-I58 -> -81
A59: 58 | B59: 44254 | C59: 18484 | D59: =C58-C59 -> -9717 | E59: 760.1 | F59: =E58-E59 -> -385.9 | G59: 13.31 | H59: =G59-G58 -> 7 | I59: 177 | J59: =I58-I59 -> -84
A60: 59 | B60: 44255 | C60: 8106 | D60: =C59-C60 -> 10378 | E60: 347 | F60: =E59-E60 -> 413.1 | G60: 5.84 | H60: =G60-G59 -> -7.47 | I60: 87 | J60: =I59-I60 -> 90
A61: 60 | B61: 44256 | C61: 12504 | D61: =C60-C61 -> -4398 | E61: 536 | F61: =E60-E61 -> -189 | G61: 9 | H61: =G61-G60 -> 3.16 | I61: 134 | J61: =I60-I61 -> -47 | L61: Steps | M61: Calories | N61: Distance | O61: Time
A62: 61 | B62: 44257 | C62: 2190 | D62: =C61-C62 -> 10314 | E62: 100.3 | F62: =E61-E62 -> 435.7 | G62: 1.58 | H62: =G62-G61 -> -7.42 | I62: 26 | J62: =I61-I62 -> 108 | K62: Mean | L62: =AVERAGE($C$61:$C$91) -> 7410.5161 | M62: =AVERAGE($E$61:$E$91) -> 317.19677 | N62: =AVERAGE($G$61:$G$91) -> 5.3358065 | O62: =AVERAGE($I$61:$I$91) -> 78.322581
A63: 62 | B63: 44258 | C63: 14350 | D63: =C62-C63 -> -12160 | E63: 635.5 | F63: =E62-E63 -> -535.2 | G63: 10.33 | H63: =G63-G62 -> 8.75 | I63: 165 | J63: =I62-I63 -> -139 | K63: Standard Error | L63: =SQRT(VAR($C$61:$C$91)/COUNT($C$61:$C$91)) -> 624.90623 | M63: =SQRT(VAR($E$61:$E$91)/COUNT($E$61:$E$91)) -> 26.348875 | N63: =SQRT(VAR($G$61:$G$91)/COUNT($G$61:$G$91)) -> 0.44981807 | O63: =SQRT(VAR($I$61:$I$91)/COUNT($I$61:$I$91)) -> 6.530884
A64: 63 | B64: 44259 | C64: 4742 | D64: =C63-C64 -> 9608 | E64: 225.6 | F64: =E63-E64 -> 409.9 | G64: 3.41 | H64: =G64-G63 -> -6.92 | I64: 62 | J64: =I63-I64 -> 103 | K64: Mode | L64: =MODE($C$61:$C$91) -> 4934 | M64: =MODE($E$61:$E$91) -> #VALUE! | N64: =MODE($G$61:$G$91) -> 3.55 | O64: =MODE($I$61:$I$91) -> 69
A65: 64 | B65: 44260 | C65: 8754 | D65: =C64-C65 -> -4012 | E65: 377.2 | F65: =E64-E65 -> -151.6 | G65: 6.3 | H65: =G65-G64 -> 2.89 | I65: 95 | J65: =I64-I65 -> -33 | K65: Median | L65: =MEDIAN($C$61:$C$91) -> 7308 | M65: =MEDIAN($E$61:$E$91) -> 297.7 | N65: =MEDIAN($G$61:$G$91) -> 5.26 | O65: =MEDIAN($I$61:$I$91) -> 70
A66: 65 | B66: 44261 | C66: 1438 | D66: =C65-C66 -> 7316 | E66: 69.9 | F66: =E65-E66 -> 307.3 | G66: 1.04 | H66: =G66-G65 -> -5.26 | I66: 19 | J66: =I65-I66 -> 76 | K66: First Quartile | L66: =QUARTILE($C$61:$C$91, 1) -> 5388.5 | M66: =QUARTILE($E$61:$E$91, 1) -> 234.55 | N66: =QUARTILE($G$61:$G$91, 1) -> 3.88 | O66: =QUARTILE($I$61:$I$91, 1) -> 61.5
A67: 66 | B67: 44262 | C67: 4934 | D67: =C66-C67 -> -3496 | E67: 208.3 | F67: =E66-E67 -> -138.4 | G67: 3.55 | H67: =G67-G66 -> 2.51 | I67: 50 | J67: =I66-I67 -> -31 | K67: Third Quartile | L67: =QUARTILE($C$61:$C$91, 3) -> 8636 | M67: =QUARTILE($E$61:$E$91, 3) -> 364.05 | N67: =QUARTILE($G$61:$G$91, 3) -> 6.22 | O67: =QUARTILE($I$61:$I$91, 3) -> 92
A68: 67 | B68: 44263 | C68: 1917 | D68: =C67-C68 -> 3017 | E68: 88.4 | F68: =E67-E68 -> 119.9 | G68: 1.38 | H68: =G68-G67 -> -2.17 | I68: 24 | J68: =I67-I68 -> 26 | K68: Variance | L68: =VAR($C$61:$C$91) -> 12105742 | M68: =VAR($E$61:$E$91) -> 21522.159 | N68: =VAR($G$61:$G$91) -> 6.2724252 | O68: =VAR($I$61:$I$91) -> 1322.2258
A69: 68 | B69: 44264 | C69: 4934 | D69: =C68-C69 -> -3017 | E69: 231.4 | F69: =E68-E69 -> -143 | G69: 3.55 | H69: =G69-G68 -> 2.17 | I69: 63 | J69: =I68-I69 -> -39 | K69: Standard Deviation | L69: =STDEV($C$61:$C$91) -> 3479.3306 | M69: =STDEV($E$61:$E$91) -> 146.70433 | N69: =STDEV($G$61:$G$91) -> 2.504481 | O69: =STDEV($I$61:$I$91) -> 36.362423
A70: 69 | B70: 44265 | C70: 6031 | D70: =C69-C70 -> -1097 | E70: 268 | F70: =E69-E70 -> -36.6 | G70: 4.34 | H70: =G70-G69 -> 0.79 | I70: 70 | J70: =I69-I70 -> -7 | K70: Kurtosis | L70: =KURT($C$61:$C$91) -> -0.00071984802 | M70: =KURT($E$61:$E$91) -> 0.1191473 | N70: =KURT($G$61:$G$91) -> -0.0016232619 | O70: =KURT($I$61:$I$91) -> 0.31170751
A71: 70 | B71: 44266 | C71: 7914 | D71: =C70-C71 -> -1883 | E71: 348.1 | F71: =E70-E71 -> -80.1 | G71: 5.7 | H71: =G71-G70 -> 1.36 | I71: 89 | J71: =I70-I71 -> -19 | K71: Skewness | L71: =SKEW($C$61:$C$91) -> 0.25356887 | M71: =SKEW($E$61:$E$91) -> 0.33494365 | N71: =SKEW($G$61:$G$91) -> 0.25363502 | O71: =SKEW($I$61:$I$91) -> 0.4770019
A72: 71 | B72: 44267 | C72: 7571 | D72: =C71-C72 -> 343 | E72: 335.1 | F72: =E71-E72 -> 13 | G72: 5.45 | H72: =G72-G71 -> -0.25 | I72: 87 | J72: =I71-I72 -> 2 | K72: Range | L72: =MAX($C$61:$C$91)-MIN($C$61:$C$91) -> 13418 | M72: =MAX($E$61:$E$91)-MIN($E$61:$E$91) -> 586.8 | N72: =MAX($G$61:$G$91)-MIN($G$61:$G$91) -> 9.66 | O72: =MAX($I$61:$I$91)-MIN($I$61:$I$91) -> 152
A73: 72 | B73: 44268 | C73: 1040 | D73: =C72-C73 -> 6531 | E73: 48.7 | F73: =E72-E73 -> 286.4 | G73: 0.75 | H73: =G73-G72 -> -4.7 | I73: 13 | J73: =I72-I73 -> 74 | K73: Minimum | L73: =MIN($C$61:$C$91) -> 1040 | M73: =MIN($E$61:$E$91) -> 48.7 | N73: =MIN($G$61:$G$91) -> 0.75 | O73: =MIN($I$61:$I$91) -> 13
A74: 73 | B74: 44269 | C74: 5011 | D74: =C73-C74 -> -3971 | E74: 212.4 | F74: =E73-E74 -> -163.7 | G74: 3.61 | H74: =G74-G73 -> 2.86 | I74: 52 | J74: =I73-I74 -> -39 | K74: Maximum | L74: =MAX($C$61:$C$91) -> 14458 | M74: =MAX($E$61:$E$91) -> 635.5 | N74: =MAX($G$61:$G$91) -> 10.41 | O74: =MAX($I$61:$I$91) -> 165
A75: 74 | B75: 44270 | C75: 5766 | D75: =C74-C75 -> -755 | E75: 237.7 | F75: =E74-E75 -> -25.3 | G75: 4.15 | H75: =G75-G74 -> 0.54 | I75: 56 | J75: =I74-I75 -> -4 | K75: Sum | L75: =SUM($C$61:$C$91) -> 229726 | M75: =SUM($E$61:$E$91) -> 9833.1 | N75: =SUM($G$61:$G$91) -> 165.41 | O75: =SUM($I$61:$I$91) -> 2428
A76: 75 | B76: 44271 | C76: 8480 | D76: =C75-C76 -> -2714 | E76: 349.9 | F76: =E75-E76 -> -112.2 | G76: 6.11 | H76: =G76-G75 -> 1.96 | I76: 82 | J76: =I75-I76 -> -26 | K76: Count | L76: =COUNT($C$61:$C$91) -> 31 | M76: =COUNT($E$61:$E$91) -> 31 | N76: =COUNT($G$61:$G$91) -> 31 | O76: =COUNT($I$61:$I$91) -> 31
A77: 76 | B77: 44272 | C77: 6391 | D77: =C76-C77 -> 2089 | E77: 262.4 | F77: =E76-E77 -> 87.5 | G77: 4.6 | H77: =G77-G76 -> -1.51 | I77: 61 | J77: =I76-I77 -> 21
A78: 77 | B78: 44273 | C78: 6439 | D78: =C77-C78 -> -48 | E78: 268.7 | F78: =E77-E78 -> -6.3 | G78: 4.64 | H78: =G78-G77 -> 0.04 | I78: 64 | J78: =I77-I78 -> -3
A79: 78 | B79: 44274 | C79: 7181 | D79: =C78-C79 -> -742 | E79: 296.2 | F79: =E78-E79 -> -27.5 | G79: 5.17 | H79: =G79-G78 -> 0.53 | I79: 69 | J79: =I78-I79 -> -5
A80: 79 | B80: 44275 | C80: 8119 | D80: =C79-C80 -> -938 | E80: 371.8 | F80: =E79-E80 -> -75.6 | G80: 5.85 | H80: =G80-G79 -> 0.68 | I80: 99 | J80: =I79-I80 -> -30
A81: 80 | B81: 44276 | C81: 13000 | D81: =C80-C81 -> -4881 | E81: 564.5 | F81: =E80-E81 -> -192.7 | G81: 9.36 | H81: =G81-G80 -> 3.51 | I81: 143 | J81: =I80-I81 -> -44
A82: 81 | B82: 44277 | C82: 8294 | D82: =C81-C82 -> 4706 | E82: 349.2 | F82: =E81-E82 -> 215.3 | G82: 5.97 | H82: =G82-G81 -> -3.39 | I82: 84 | J82: =I81-I82 -> 59
A83: 82 | B83: 44278 | C83: 8611 | D83: =C82-C83 -> -317 | E83: 350.9 | F83: =E82-E83 -> -1.7 | G83: 6.2 | H83: =G83-G82 -> 0.23 | I83: 80 | J83: =I82-I83 -> 4
A84: 83 | B84: 44279 | C84: 7188 | D84: =C83-C84 -> 1423 | E84: 297.2 | F84: =E83-E84 -> 53.7 | G84: 5.18 | H84: =G84-G83 -> -1.02 | I84: 70 | J84: =I83-I84 -> 10
A85: 84 | B85: 44280 | C85: 8661 | D85: =C84-C85 -> -1473 | E85: 356.3 | F85: =E84-E85 -> -59.1 | G85: 6.24 | H85: =G85-G84 -> 1.06 | I85: 82 | J85: =I84-I85 -> -12
A86: 85 | B86: 44281 | C86: 9743 | D86: =C85-C86 -> -1082 | E86: 418.1 | F86: =E85-E86 -> -61.8 | G86: 7.01 | H86: =G86-G85 -> 0.77 | I86: 104 | J86: =I85-I86 -> -22
A87: 86 | B87: 44282 | C87: 14458 | D87: =C86-C87 -> -4715 | E87: 603.6 | F87: =E86-E87 -> -185.5 | G87: 10.41 | H87: =G87-G86 -> 3.4 | I87: 145 | J87: =I86-I87 -> -41
A88: 87 | B88: 44283 | C88: 6009 | D88: =C87-C88 -> 8449 | E88: 266.4 | F88: =E87-E88 -> 337.2 | G88: 4.33 | H88: =G88-G87 -> -6.08 | I88: 69 | J88: =I87-I88 -> 76
... A91: 90 | B91: 44286 | C91: 12626 | D91: =C90-C91 -> -5318 | E91: 519.5 | F91: =E90-E91 -> -221.8 | G91: 9.09 | H91: =G91-G90 -> 3.83 | I91: 122 | J91: =I90-I91 -> -54
A92: 91 | B92: 44287 | C92: 6698 | D92: =C91-C92 -> 5928 | E92: 282.3 | F92: =E91-E92 -> 237.2 | G92: 4.82 | H92: =G92-G91 -> -4.27 | I92: 69 | J92: =I91-I92 -> 53 | L92: Steps | M92: Calories | N92: Distance | O92: Time
A93: 92 | B93: 44288 | C93: 8760 | D93: =C92-C93 -> -2062 | E93: 375.9 | F93: =E92-E93 -> -93.6 | G93: 6.31 | H93: =G93-G92 -> 1.49 | I93: 93 | J93: =I92-I93 -> -24 | K93: Mean | L93: =AVERAGE($C$92:$C$121) -> 10398.9 | M93: =AVERAGE($E$92:$E$121) -> 441.30333 | N93: =AVERAGE($G$92:$G$121) -> 7.4873333 | O93: =AVERAGE($I$92:$I$121) -> 106.8
A94: 93 | B94: 44289 | C94: 17839 | D94: =C93-C94 -> -9079 | E94: 813.6 | F94: =E93-E94 -> -437.7 | G94: 12.84 | H94: =G94-G93 -> 6.53 | I94: 218 | J94: =I93-I94 -> -125 | K94: Standard Error | L94: =SQRT(VAR($C$92:$C$121)/COUNT($C$92:$C$121)) -> 921.34361 | M94: =SQRT(VAR($E$92:$E$121)/COUNT($E$92:$E$121)) -> 41.38041 | N94: =SQRT(VAR($G$92:$G$121)/COUNT($G$92:$G$121)) -> 0.66311403 | O94: =SQRT(VAR($I$92:$I$121)/COUNT($I$92:$I$121)) -> 10.807979
A95: 94 | B95: 44290 | C95: 3799 | D95: =C94-C95 -> 14040 | E95: 170.6 | F95: =E94-E95 -> 643 | G95: 2.74 | H95: =G95-G94 -> -10.1 | I95: 45 | J95: =I94-I95 -> 173 | K95: Mode | L95: =MODE($C$92:$C$121) -> #VALUE! | M95: =MODE($E$92:$E$121) -> #VALUE! | N95: =MODE($G$92:$G$121) -> 6.82 | O95: =MODE($I$92:$I$121) -> 72
A96: 95 | B96: 44291 | C96: 10019 | D96: =C95-C96 -> -6220 | E96: 418.3 | F96: =E95-E96 -> -247.7 | G96: 7.21 | H96: =G96-G95 -> 4.47 | I96: 100 | J96: =I95-I96 -> -55 | K96: Median | L96: =MEDIAN($C$92:$C$121) -> 8835 | M96: =MEDIAN($E$92:$E$121) -> 374.55 | N96: =MEDIAN($G$92:$G$121) -> 6.365 | O96: =MEDIAN($I$92:$I$121) -> 86
A97: 96 | B97: 44292 | C97: 8800 | D97: =C96-C97 -> 1219 | E97: 356.4 | F97: =E96-E97 -> 61.9 | G97: 6.34 | H97: =G97-G96 -> -0.87 | I97: 80 | J97: =I96-I97 -> 20 | K97: First Quartile | L97: =QUARTILE($C$92:$C$121, 1) -> 7892.75 | M97: =QUARTILE($E$92:$E$121, 1) -> 321.375 | N97: =QUARTILE($G$92:$G$121, 1) -> 5.685 | O97: =QUARTILE($I$92:$I$121, 1) -> 73
A98: 97 | B98: 44293 | C98: 9376 | D98: =C97-C98 -> -576 | E98: 382.2 | F98: =E97-E98 -> -25.8 | G98: 6.75 | H98: =G98-G97 -> 0.41 | I98: 72 | J98: =I97-I98 -> 8 | K98: Third Quartile | L98: =QUARTILE($C$92:$C$121, 3) -> 10565 | M98: =QUARTILE($E$92:$E$121, 3) -> 444.625 | N98: =QUARTILE($G$92:$G$121, 3) -> 7.6075 | O98: =QUARTILE($I$92:$I$121, 3) -> 108.25
A99: 98 | B99: 44294 | C99: 7910 | D99: =C98-C99 -> 1466 | E99: 320.1 | F99: =E98-E99 -> 62.1 | G99: 5.7 | H99: =G99-G98 -> -1.05 | I99: 72 | J99: =I98-I99 -> 0 | K99: Variance | L99: =VAR($C$92:$C$121) -> 25466221 | M99: =VAR($E$92:$E$121) -> 51370.151 | N99: =VAR($G$92:$G$121) -> 13.191606 | O99: =VAR($I$92:$I$121) -> 3504.3724
A100: 99 | B100: 44295 | C100: 7997 | D100: =C99-C100 -> -87 | E100: 337.4 | F100: =E99-E100 -> -17.3 | G100: 5.76 | H100: =G100-G99 -> 0.06 | I100: 82 | J100: =I99-I100 -> -10 | K100: Standard Deviation | L100: =STDEV($C$92:$C$121) -> 5046.4068 | M100: =STDEV($E$92:$E$121) -> 226.64984 | N100: =STDEV($G$92:$G$121) -> 3.6320251 | O100: =STDEV($I$92:$I$121) -> 59.19774
A101: 100 | B101: 44296 | C101: 21294 | D101: =C100-C101 -> -13297 | E101: 925.2 | F101: =E100-E101 -> -587.8 | G101: 15.33 | H101: =G101-G100 -> 9.57 | I101: 237 | J101: =I100-I101 -> -155 | K101: Kurtosis | L101: =KURT($C$92:$C$121) -> 0.31669782 | M101: =KURT($E$92:$E$121) -> 0.65337915 | N101: =KURT($G$92:$G$121) -> 0.31630827 | O101: =KURT($I$92:$I$121) -> 0.94166798
A102: 101 | B102: 44297 | C102: 5572 | D102: =C101-C102 -> 15722 | E102: 232.6 | F102: =E101-E102 -> 692.6 | G102: 4.01 | H102: =G102-G101 -> -11.32 | I102: 55 | J102: =I101-I102 -> 182 | K102: Skewness | L102: =SKEW($C$92:$C$121) -> 1.1225039 | M102: =SKEW($E$92:$E$121) -> 1.2729321 | N102: =SKEW($G$92:$G$121) -> 1.1221477 | O102: =SKEW($I$92:$I$121) -> 1.4109794
A103: 102 | B103: 44298 | C103: 12680 | D103: =C102-C103 -> -7108 | E103: 515.8 | F103: =E102-E103 -> -283.2 | G103: 9.13 | H103: =G103-G102 -> 5.12 | I103: 118 | J103: =I102-I103 -> -63 | K103: Range | L103: =MAX($C$92:$C$121)-MIN($C$92:$C$121) -> 18113 | M103: =MAX($E$92:$E$121)-MIN($E$92:$E$121) -> 840 | N103: =MAX($G$92:$G$121)-MIN($G$92:$G$121) -> 13.04 | O103: =MAX($I$92:$I$121)-MIN($I$92:$I$121) -> 213
A104: 103 | B104: 44299 | C104: 9602 | D104: =C103-C104 -> 3078 | E104: 392 | F104: =E103-E104 -> 123.8 | G104: 6.91 | H104: =G104-G103 -> -2.22 | I104: 90 | J104: =I103-I104 -> 28 | K104: Minimum | L104: =MIN($C$92:$C$121) -> 3181 | M104: =MIN($E$92:$E$121) -> 132.5 | N104: =MIN($G$92:$G$121) -> 2.29 | O104: =MIN($I$92:$I$121) -> 31
A105: 104 | B105: 44300 | C105: 7887 | D105: =C104-C105 -> 1715 | E105: 325.2 | F105: =E104-E105 -> 66.8 | G105: 5.68 | H105: =G105-G104 -> -1.23 | I105: 76 | J105: =I104-I105 -> 14 | K105: Maximum | L105: =MAX($C$92:$C$121) -> 21294 | M105: =MAX($E$92:$E$121) -> 972.5 | N105: =MAX($G$92:$G$121) -> 15.33 | O105: =MAX($I$92:$I$121) -> 244
...

Sheet 2022
A1: Number | B1: Day | C1: Steps | D1: Difference | E1: Calories | F1: Difference of C | G1: Distance | H1: Difference of D | I1: Time | J1: Difference of time
A2: 1 | B2: 44562 | C2: 7897 | D2: =C1-C2 -> #VALUE! | E2: 349.1 | F2: =E1-E2 -> #VALUE! | G2: 5.69 | H2: =G2-G1 -> #VALUE! | I2: 78 | J2: =I1-I2 -> #VALUE! | L2: Steps | M2: Calories | N2: Distance | O2: Time
A3: 2 | B3: 44563 | C3: 14960 | D3: =C2-C3 -> -7063 | E3: 644.4 | F3: =E2-E3 -> -295.3 | G3: 10.77 | H3: =G3-G2 -> 5.08 | I3: 139 | J3: =I2-I3 -> -61 | K3: Mean | L3: =AVERAGE($C$1:$C$32) -> 7869.8387 | M3: =AVERAGE($E$1:$E$32) -> 342.3 | N3: =AVERAGE($G$1:$G$32) -> 5.6670968 | O3: =AVERAGE($I$1:$I$32) -> 74.83871
A4: 3 | B4: 44564 | C4: 4681 | D4: =C3-C4 -> 10279 | E4: 206.4 | F4: =E3-E4 -> 438 | G4: 3.37 | H4: =G4-G3 -> -7.4 | I4: 47 | J4: =I3-I4 -> 92 | K4: Standard Error | L4: =SQRT(VAR($C$1:$C$32)/COUNT($C$1:$C$32)) -> 700.91532 | M4: =SQRT(VAR($E$1:$E$32)/COUNT($E$1:$E$32)) -> 30.22102 | N4: =SQRT(VAR($G$1:$G$32)/COUNT($G$1:$G$32)) -> 0.50477339 | O4: =SQRT(VAR($I$1:$I$32)/COUNT($I$1:$I$32)) -> 6.5638464
A5: 4 | B5: 44565 | C5: 13412 | D5: =C4-C5 -> -8731 | E5: 577.8 | F5: =E4-E5 -> -371.4 | G5: 9.66 | H5: =G5-G4 -> 6.29 | I5: 124 | J5: =I4-I5 -> -77 | K5: Mode | L5: =MODE($C$1:$C$32) -> #VALUE! | M5: =MODE($E$1:$E$32) -> #VALUE! | N5: =MODE($G$1:$G$32) -> 5.82 | O5: =MODE($I$1:$I$32) -> 52
A6: 5 | B6: 44566 | C6: 9159 | D6: =C5-C6 -> 4253 | E6: 392.2 | F6: =E5-E6 -> 185.6 | G6: 6.59 | H6: =G6-G5 -> -3.07 | I6: 82 | J6: =I5-I6 -> 42 | K6: Median | L6: =MEDIAN($C$1:$C$32) -> 7924 | M6: =MEDIAN($E$1:$E$32) -> 346.3 | N6: =MEDIAN($G$1:$G$32) -> 5.71 | O6: =MEDIAN($I$1:$I$32) -> 74
A7: 6 | B7: 44567 | C7: 6788 | D7: =C6-C7 -> 2371 | E7: 297.7 | F7: =E6-E7 -> 94.5 | G7: 4.89 | H7: =G7-G6 -> -1.7 | I7: 66 | J7: =I6-I7 -> 16 | K7: First Quartile | L7: =QUARTILE($C$1:$C$32, 1) -> 5638.5 | M7: =QUARTILE($E$1:$E$32, 1) -> 242.95 | N7: =QUARTILE($G$1:$G$32, 1) -> 4.06 | O7: =QUARTILE($I$1:$I$32, 1) -> 52
A8: 7 | B8: 44568 | C8: 8470 | D8: =C7-C8 -> -1682 | E8: 365.7 | F8: =E7-E8 -> -68 | G8: 6.1 | H8: =G8-G7 -> 1.21 | I8: 79 | J8: =I7-I8 -> -13 | K8: Third Quartile | L8: =QUARTILE($C$1:$C$32, 3) -> 9017.5 | M8: =QUARTILE($E$1:$E$32, 3) -> 388.45 | N8: =QUARTILE($G$1:$G$32, 3) -> 6.49 | O8: =QUARTILE($I$1:$I$32, 3) -> 85
A9: 8 | B9: 44569 | C9: 1448 | D9: =C8-C9 -> 7022 | E9: 66.2 | F9: =E8-E9 -> 299.5 | G9: 1.04 | H9: =G9-G8 -> -5.06 | I9: 15 | J9: =I8-I9 -> 64 | K9: Variance | L9: =VAR($C$1:$C$32) -> 15229751 | M9: =VAR($E$1:$E$32) -> 28312.612 | N9: =VAR($G$1:$G$32) -> 7.8986813 | O9: =VAR($I$1:$I$32) -> 1335.6065
A10: 9 | B10: 44570 | C10: 1931 | D10: =C9-C10 -> -483 | E10: 88.6 | F10: =E9-E10 -> -22.4 | G10: 1.39 | H10: =G10-G9 -> 0.35 | I10: 21 | J10: =I9-I10 -> -6 | K10: Standard Deviation | L10: =STDEV($C$1:$C$32) -> 3902.5313 | M10: =STDEV($E$1:$E$32) -> 168.26352 | N10: =STDEV($G$1:$G$32) -> 2.8104593 | O10: =STDEV($I$1:$I$32) -> 36.54595
A11: 10 | B11: 44571 | C11: 6011 | D11: =C10-C11 -> -4080 | E11: 262.8 | F11: =E10-E11 -> -174.2 | G11: 4.33 | H11: =G11-G10 -> 2.94 | I11: 58 | J11: =I10-I11 -> -37 | K11: Kurtosis | L11: =KURT($C$1:$C$32) -> 1.6374976 | M11: =KURT($E$1:$E$32) -> 1.8875215 | N11: =KURT($G$1:$G$32) -> 1.6468183 | O11: =KURT($I$1:$I$32) -> 2.4725695
A12: 11 | B12: 44572 | C12: 9695 | D12: =C11-C12 -> -3684 | E12: 418.2 | F12: =E11-E12 -> -155.4 | G12: 6.98 | H12: =G12-G11 -> 2.65 | I12: 90 | J12: =I11-I12 -> -32 | K12: Skewness | L12: =SKEW($C$1:$C$32) -> 0.91207007 | M12: =SKEW($E$1:$E$32) -> 0.96732882 | N12: =SKEW($G$1:$G$32) -> 0.91429054 | O12: =SKEW($I$1:$I$32) -> 1.0980771
A13: 12 | B13: 44573 | C13: 8083 | D13: =C12-C13 -> 1612 | E13: 347.4 | F13: =E12-E13 -> 70.8 | G13: 5.82 | H13: =G13-G12 -> -1.16 | I13: 74 | J13: =I12-I13 -> 16 | K13: Range | L13: =MAX($C$1:$C$32)-MIN($C$1:$C$32) -> 18108 | M13: =MAX($E$1:$E$32)-MIN($E$1:$E$32) -> 791.7 | N13: =MAX($G$1:$G$32)-MIN($G$1:$G$32) -> 13.05 | O13: =MAX($I$1:$I$32)-MIN($I$1:$I$32) -> 177
A14: 13 | B14: 44574 | C14: 12573 | D14: =C13-C14 -> -4490 | E14: 537.9 | F14: =E13-E14 -> -190.5 | G14: 9.05 | H14: =G14-G13 -> 3.23 | I14: 114 | J14: =I13-I14 -> -40 | K14: Minimum | L14: =MIN($C$1:$C$32) -> 1448 | M14: =MIN($E$1:$E$32) -> 66.2 | N14: =MIN($G$1:$G$32) -> 1.04 | O14: =MIN($I$1:$I$32) -> 15
A15: 14 | B15: 44575 | C15: 6842 | D15: =C14-C15 -> 5731 | E15: 296.8 | F15: =E14-E15 -> 241.1 | G15: 4.93 | H15: =G15-G14 -> -4.12 | I15: 65 | J15: =I14-I15 -> 49 | K15: Maximum | L15: =MAX($C$1:$C$32) -> 19556 | M15: =MAX($E$1:$E$32) -> 857.9 | N15: =MAX($G$1:$G$32) -> 14.09 | O15: =MAX($I$1:$I$32) -> 192
A16: 15 | B16: 44576 | C16: 7557 | D16: =C15-C16 -> -715 | E16: 346.3 | F16: =E15-E16 -> -49.5 | G16: 5.44 | H16: =G16-G15 -> 0.51 | I16: 83 | J16: =I15-I16 -> -18 | K16: Sum | L16: =SUM($C$1:$C$32) -> 243965 | M16: =SUM($E$1:$E$32) -> 10611.3 | N16: =SUM($G$1:$G$32) -> 175.68 | O16: =SUM($I$1:$I$32) -> 2320
A17: 16 | B17: 44577 | C17: 19556 | D17: =C16-C17 -> -11999 | E17: 857.9 | F17: =E16-E17 -> -511.6 | G17: 14.09 | H17: =G17-G16 -> 8.65 | I17: 192 | J17: =I16-I17 -> -109 | K17: Count | L17: =COUNT($C$1:$C$32) -> 31 | M17: =COUNT($E$1:$E$32) -> 31 | N17: =COUNT($G$1:$G$32) -> 31 | O17: =COUNT($I$1:$I$32) -> 31
A18: 17 | B18: 44578 | C18: 5680 | D18: =C17-C18 -> 13876 | E18: 244.2 | F18: =E17-E18 -> 613.7 | G18: 4.09 | H18: =G18-G17 -> -10 | I18: 52 | J18: =I17-I18 -> 140
A19: 18 | B19: 44579 | C19: 9158 | D19: =C18-C19 -> -3478 | E19: 399.4 | F19: =E18-E19 -> -155.2 | G19: 6.59 | H19: =G19-G18 -> 2.5 | I19: 87 | J19: =I18-I19 -> -35
A20: 19 | B20: 44580 | C20: 7924 | D20: =C19-C20 -> 1234 | E20: 339.2 | F20: =E19-E20 -> 60.2 | G20: 5.71 | H20: =G20-G19 -> -0.88 | I20: 71 | J20: =I19-I20 -> 16
A21: 20 | B21: 44581 | C21: 7952 | D21: =C20-C21 -> -28 | E21: 342.8 | F21: =E20-E21 -> -3.6 | G21: 5.73 | H21: =G21-G20 -> 0.02 | I21: 73 | J21: =I20-I21 -> -2
A22: 21 | B22: 44582 | C22: 6123 | D22: =C21-C22 -> 1829 | E22: 264.1 | F22: =E21-E22 -> 78.7 | G22: 4.41 | H22: =G22-G21 -> -1.32 | I22: 57 | J22: =I21-I22 -> 16
A23: 22 | B23: 44583 | C23: 4878 | D23: =C22-C23 -> 1245 | E23: 217.1 | F23: =E22-E23 -> 47 | G23: 3.51 | H23: =G23-G22 -> -0.9 | I23: 50 | J23: =I22-I23 -> 7
A24: 23 | B24: 44584 | C24: 2690 | D24: =C23-C24 -> 2188 | E24: 122.3 | F24: =E23-E24 -> 94.8 | G24: 1.94 | H24: =G24-G23 -> -1.57 | I24: 28 | J24: =I23-I24 -> 22
A25: 24 | B25: 44585 | C25: 13329 | D25: =C24-C25 -> -10639 | E25: 575.4 | F25: =E24-E25 -> -453.1 | G25: 9.6 | H25: =G25-G24 -> 7.66 | I25: 125 | J25: =I24-I25 -> -97
A26: 25 | B26: 44586 | C26: 5597 | D26: =C25-C26 -> 7732 | E26: 241.7 | F26: =E25-E26 -> 333.7 | G26: 4.03 | H26: =G26-G25 -> -5.57 | I26: 52 | J26: =I25-I26 -> 73
A27: 26 | B27: 44587 | C27: 8088 | D27: =C26-C27 -> -2491 | E27: 349.4 | F27: =E26-E27 -> -107.7 | G27: 5.82 | H27: =G27-G26 -> 1.79 | I27: 75 | J27: =I26-I27 -> -23
A28: 27 | B28: 44588 | C28: 8699 | D28: =C27-C28 -> -611 | E28: 382.8 | F28: =E27-E28 -> -33.4 | G28: 6.26 | H28: =G28-G27 -> 0.44 | I28: 86 | J28: =I27-I28 -> -11
A29: 28 | B29: 44589 | C29: 8877 | D29: =C28-C29 -> -178 | E29: 384.7 | F29: =E28-E29 -> -1.9 | G29: 6.39 | H29: =G29-G28 -> 0.13 | I29: 84 | J29: =I28-I29 -> 2
... A32: 31 | B32: 44592 | C32: 8515 | D32: =C31-C32 -> -3797 | E32: 367 | F32: =E31-E32 -> -158.2 | G32: 6.13 | H32: =G32-G31 -> 2.73 | I32: 79 | J32: =I31-I32 -> -31
A33: 32 | B33: 44593 | C33: 6597 | D33: =C32-C33 -> 1918 | E33: 283.1 | F33: =E32-E33 -> 83.9 | G33: 4.75 | H33: =G33-G32 -> -1.38 | I33: 60 | J33: =I32-I33 -> 19 | L33: Steps | M33: Calories | N33: Distance | O33: Time
A34: 33 | B34: 44594 | C34: 9216 | D34: =C33-C34 -> -2619 | E34: 401.8 | F34: =E33-E34 -> -118.7 | G34: 6.64 | H34: =G34-G33 -> 1.89 | I34: 89 | J34: =I33-I34 -> -29 | K34: Mean | L34: =AVERAGE($C$33:$C$60) -> 8763.5357 | M34: =AVERAGE($E$33:$E$60) -> 381.12143 | N34: =AVERAGE($G$33:$G$60) -> 6.3096429 | O34: =AVERAGE($I$33:$I$60) -> 83.642857
A35: 34 | B35: 44595 | C35: 6250 | D35: =C34-C35 -> 2966 | E35: 273.1 | F35: =E34-E35 -> 128.7 | G35: 4.5 | H35: =G35-G34 -> -2.14 | I35: 61 | J35: =I34-I35 -> 28 | K35: Standard Error | L35: =SQRT(VAR($C$33:$C$60)/COUNT($C$33:$C$60)) -> 964.07367 | M35: =SQRT(VAR($E$33:$E$60)/COUNT($E$33:$E$60)) -> 41.80941 | N35: =SQRT(VAR($G$33:$G$60)/COUNT($G$33:$G$60)) -> 0.69405306 | O35: =SQRT(VAR($I$33:$I$60)/COUNT($I$33:$I$60)) -> 9.2033486
A36: 35 | B36: 44596 | C36: 7020 | D36: =C35-C36 -> -770 | E36: 303.3 | F36: =E35-E36 -> -30.2 | G36: 5.05 | H36: =G36-G35 -> 0.55 | I36: 66 | J36: =I35-I36 -> -5 | K36: Mode | L36: =MODE($C$33:$C$60) -> #VALUE! | M36: =MODE($E$33:$E$60) -> #VALUE! | N36: =MODE($G$33:$G$60) -> 5.05 | O36: =MODE($I$33:$I$60) -> 58
A37: 36 | B37: 44597 | C37: 1044 | D37: =C36-C37 -> 5976 | E37: 46.3 | F37: =E36-E37 -> 257 | G37: 0.75 | H37: =G37-G36 -> -4.3 | I37: 10 | J37: =I36-I37 -> 56 | K37: Median | L37: =MEDIAN($C$33:$C$60) -> 7274 | M37: =MEDIAN($E$33:$E$60) -> 321.55 | N37: =MEDIAN($G$33:$G$60) -> 5.24 | O37: =MEDIAN($I$33:$I$60) -> 72.5
A38: 37 | B38: 44598 | C38: 3153 | D38: =C37-C38 -> -2109 | E38: 138.6 | F38: =E37-E38 -> -92.3 | G38: 2.27 | H38: =G38-G37 -> 1.52 | I38: 31 | J38: =I37-I38 -> -21 | K38: First Quartile | L38: =QUARTILE($C$33:$C$60, 1) -> 6194 | M38: =QUARTILE($E$33:$E$60, 1) -> 270.55 | N38: =QUARTILE($G$33:$G$60, 1) -> 4.46 | O38: =QUARTILE($I$33:$I$60, 1) -> 59.5
A39: 38 | B39: 44599 | C39: 7204 | D39: =C38-C39 -> -4051 | E39: 313.6 | F39: =E38-E39 -> -175 | G39: 5.19 | H39: =G39-G38 -> 2.92 | I39: 69 | J39: =I38-I39 -> -38 | K39: Third Quartile | L39: =QUARTILE($C$33:$C$60, 3) -> 10862.25 | M39: =QUARTILE($E$33:$E$60, 3) -> 468.175 | N39: =QUARTILE($G$33:$G$60, 3) -> 7.8175 | O39: =QUARTILE($I$33:$I$60, 3) -> 100.25
A40: 39 | B40: 44600 | C40: 8009 | D40: =C39-C40 -> -805 | E40: 348 | F40: =E39-E40 -> -34.4 | G40: 5.77 | H40: =G40-G39 -> 0.58 | I40: 76 | J40: =I39-I40 -> -7 | K40: Variance | L40: =VAR($C$33:$C$60) -> 26024265 | M40: =VAR($E$33:$E$60) -> 48944.749 | N40: =VAR($G$33:$G$60) -> 13.48787 | O40: =VAR($I$33:$I$60) -> 2371.6455
A41: 40 | B41: 44601 | C41: 8199 | D41: =C40-C41 -> -190 | E41: 356.4 | F41: =E40-E41 -> -8.4 | G41: 5.9 | H41: =G41-G40 -> 0.13 | I41: 78 | J41: =I40-I41 -> -2 | K41: Standard Deviation | L41: =STDEV($C$33:$C$60) -> 5101.3984 | M41: =STDEV($E$33:$E$60) -> 221.2346 | N41: =STDEV($G$33:$G$60) -> 3.6725836 | O41: =STDEV($I$33:$I$60) -> 48.699543
A42: 41 | B42: 44602 | C42: 5129 | D42: =C41-C42 -> 3070 | E42: 221 | F42: =E41-E42 -> 135.4 | G42: 3.69 | H42: =G42-G41 -> -2.21 | I42: 47 | J42: =I41-I42 -> 31 | K42: Kurtosis | L42: =KURT($C$33:$C$60) -> 8.1407657 | M42: =KURT($E$33:$E$60) -> 8.5750511 | N42: =KURT($G$33:$G$60) -> 8.1401239 | O42: =KURT($I$33:$I$60) -> 9.6645869
A43: 42 | B43: 44603 | C43: 5895 | D43: =C42-C43 -> -766 | E43: 255 | F43: =E42-E43 -> -34 | G43: 4.24 | H43: =G43-G42 -> 0.55 | I43: 56 | J43: =I42-I43 -> -9 | K43: Skewness | L43: =SKEW($C$33:$C$60) -> 2.3139149 | M43: =SKEW($E$33:$E$60) -> 2.3791725 | N43: =SKEW($G$33:$G$60) -> 2.313413 | O43: =SKEW($I$33:$I$60) -> 2.5421061
A44: 43 | B44: 44604 | C44: 14244 | D44: =C43-C44 -> -8349 | E44: 607.8 | F44: =E43-E44 -> -352.8 | G44: 10.26 | H44: =G44-G43 -> 6.02 | I44: 126 | J44: =I43-I44 -> -70 | K44: Range | L44: =MAX($C$33:$C$60)-MIN($C$33:$C$60) -> 27695 | M44: =MAX($E$33:$E$60)-MIN($E$33:$E$60) -> 1210.1 | N44: =MAX($G$33:$G$60)-MIN($G$33:$G$60) -> 19.94 | O44: =MAX($I$33:$I$60)-MIN($I$33:$I$60) -> 271
A45: 44 | B45: 44605 | C45: 11993 | D45: =C44-C45 -> 2251 | E45: 512.2 | F45: =E44-E45 -> 95.6 | G45: 8.63 | H45: =G45-G44 -> -1.63 | I45: 107 | J45: =I44-I45 -> 19 | K45: Minimum | L45: =MIN($C$33:$C$60) -> 1044 | M45: =MIN($E$33:$E$60) -> 46.3 | N45: =MIN($G$33:$G$60) -> 0.75 | O45: =MIN($I$33:$I$60) -> 10
A46: 45 | B46: 44606 | C46: 11724 | D46: =C45-C46 -> 269 | E46: 510.7 | F46: =E45-E46 -> 1.5 | G46: 8.44 | H46: =G46-G45 -> -0.19 | I46: 113 | J46: =I45-I46 -> -6 | K46: Maximum | L46: =MAX($C$33:$C$60) -> 28739 | M46: =MAX($E$33:$E$60) -> 1256.4 | N46: =MAX($G$33:$G$60) -> 20.69 | O46: =MAX($I$33:$I$60) -> 281
A47: 46 | B47: 44607 | C47: 10575 | D47: =C46-C47 -> 1149 | E47: 454.7 | F47: =E46-E47 -> 56 | G47: 7.61 | H47: =G47-G46 -> -0.83 | I47: 98 | J47: =I46-I47 -> 15 | K47: Sum | L47: =SUM($C$33:$C$60) -> 245379 | M47: =SUM($E$33:$E$60) -> 10671.4 | N47: =SUM($G$33:$G$60) -> 176.67 | O47: =SUM($I$33:$I$60) -> 2342
A48: 47 | B48: 44608 | C48: 7344 | D48: =C47-C48 -> 3231 | E48: 329.5 | F48: =E47-E48 -> 125.2 | G48: 5.29 | H48: =G48-G47 -> -2.32 | I48: 77 | J48: =I47-I48 -> 21 | K48: Count | L48: =COUNT($C$33:$C$60) -> 28 | M48: =COUNT($E$33:$E$60) -> 28 | N48: =COUNT($G$33:$G$60) -> 28 | O48: =COUNT($I$33:$I$60) -> 28
A49: 48 | B49: 44609 | C49: 4184 | D49: =C48-C49 -> 3160 | E49: 188.8 | F49: =E48-E49 -> 140.7 | G49: 3.01 | H49: =G49-G48 -> -2.28 | I49: 44 | J49: =I48-I49 -> 33
A50: 49 | B50: 44610 | C50: 6026 | D50: =C49-C50 -> -1842 | E50: 262.9 | F50: =E49-E50 -> -74.1 | G50: 4.34 | H50: =G50-G49 -> 1.33 | I50: 58 | J50: =I49-I50 -> -14
A51: 50 | B51: 44611 | C51: 28739 | D51: =C50-C51 -> -22713 | E51: 1256.4 | F51: =E50-E51 -> -993.5 | G51: 20.69 | H51: =G51-G50 -> 16.35 | I51: 281 | J51: =I50-I51 -> -223
A52: 51 | B52: 44612 | C52: 6910 | D52: =C51-C52 -> 21829 | E52: 304.7 | F52: =E51-E52 -> 951.7 | G52: 4.98 | H52: =G52-G51 -> -15.71 | I52: 69 | J52: =I51-I52 -> 212
A53: 52 | B53: 44613 | C53: 6467 | D53: =C52-C53 -> 443 | E53: 285.7 | F53: =E52-E53 -> 19 | G53: 4.66 | H53: =G53-G52 -> -0.32 | I53: 65 | J53: =I52-I53 -> 4
A54: 53 | B54: 44614 | C54: 12196 | D54: =C53-C54 -> -5729 | E54: 529.4 | F54: =E53-E54 -> -243.7 | G54: 8.78 | H54: =G54-G53 -> 4.12 | I54: 117 | J54: =I53-I54 -> -52
A55: 54 | B55: 44615 | C55: 7009 | D55: =C54-C55 -> 5187 | E55: 304.1 | F55: =E54-E55 -> 225.3 | G55: 5.05 | H55: =G55-G54 -> -3.73 | I55: 66 | J55: =I54-I55 -> 51
A56: 55 | B56: 44616 | C56: 8388 | D56: =C55-C56 -> -1379 | E56: 367.6 | F56: =E55-E56 -> -63.5 | G56: 6.04 | H56: =G56-G55 -> 0.99 | I56: 81 | J56: =I55-I56 -> -15
A57: 56 | B57: 44617 | C57: 5897 | D57: =C56-C57 -> 2491 | E57: 258.4 | F57: =E56-E57 -> 109.2 | G57: 4.25 | H57: =G57-G56 -> -1.79 | I57: 58 | J57: =I56-I57 -> 23
A58: 57 | B58: 44618 | C58: 15756 | D58: =C57-C58 -> -9859 | E58: 681.1 | F58: =E57-E58 -> -422.7 | G58: 11.34 | H58: =G58-G57 -> 7.09 | I58: 148 | J58: =I57-I58 -> -90
A59: 58 | B59: 44619 | C59: 11857 | D59: =C58-C59 -> 3899 | E59: 508.6 | F59: =E58-E59 -> 172.5 | G59: 8.54 | H59: =G59-G58 -> -2.8 | I59: 108 | J59: =I58-I59 -> 40
A60: 59 | B60: 44620 | C60: 8354 | D60: =C59-C60 -> 3503 | E60: 368.6 | F60: =E59-E60 -> 140 | G60: 6.01 | H60: =G60-G59 -> -2.53 | I60: 83 | J60: =I59-I60 -> 25
A61: 60 | B61: 44621 | C61: 10883 | D61: =C60-C61 -> -2529 | E61: 473.5 | F61: =E60-E61 -> -104.9 | G61: 7.84 | H61: =G61-G60 -> 1.83 | I61: 103 | J61: =I60-I61 -> -20 | L61: Steps | M61: Calories | N61: Distance | O61: Time
A62: 61 | B62: 44622 | C62: 4920 | D62: =C61-C62 -> 5963 | E62: 214.4 | F62: =E61-E62 -> 259.1 | G62: 3.54 | H62: =G62-G61 -> -4.3 | I62: 46 | J62: =I61-I62 -> 57 | K62: Mean | L62: =AVERAGE($C$61:$C$91) -> 7536.2222 | M62: =AVERAGE($E$61:$E$91) -> 328.91111 | N62: =AVERAGE($G$61:$G$91) -> 5.4262963 | O62: =AVERAGE($I$61:$I$91) -> 72.62963
A63: 62 | B63: 44623 | C63: 15033 | D63: =C62-C63 -> -10113 | E63: 653.8 | F63: =E62-E63 -> -439.4 | G63: 10.82 | H63: =G63-G62 -> 7.28 | I63: 144 | J63: =I62-I63 -> -98 | K63: Standard Error | L63: =SQRT(VAR($C$61:$C$91)/COUNT($C$61:$C$91)) -> 592.15809 | M63: =SQRT(VAR($E$61:$E$91)/COUNT($E$61:$E$91)) -> 25.444653 | N63: =SQRT(VAR($G$61:$G$91)/COUNT($G$61:$G$91)) -> 0.42629295 | O63: =SQRT(VAR($I$61:$I$91)/COUNT($I$61:$I$91)) -> 5.5047631
A64: 63 | B64: 44624 | C64: 6602 | D64: =C63-C64 -> 8431 | E64: 286.3 | F64: =E63-E64 -> 367.5 | G64: 4.75 | H64: =G64-G63 -> -6.07 | I64: 63 | J64: =I63-I64 -> 81 | K64: Mode | L64: =MODE($C$61:$C$91) -> #VALUE! | M64: =MODE($E$61:$E$91) -> #VALUE! | N64: =MODE($G$61:$G$91) -> #VALUE! | O64: =MODE($I$61:$I$91) -> 46
A65: 64 | B65: 44625 | C65: 4383 | D65: =C64-C65 -> 2219 | E65: 196.9 | F65: =E64-E65 -> 89.4 | G65: 3.16 | H65: =G65-G64 -> -1.59 | I65: 46 | J65: =I64-I65 -> 17 | K65: Median | L65: =MEDIAN($C$61:$C$91) -> 7883 | M65: =MEDIAN($E$61:$E$91) -> 345.6 | N65: =MEDIAN($G$61:$G$91) -> 5.68 | O65: =MEDIAN($I$61:$I$91) -> 78
A66: 65 | B66: 44626 | C66: 8259 | D66: =C65-C66 -> -3876 | E66: 360.1 | F66: =E65-E66 -> -163.2 | G66: 5.95 | H66: =G66-G65 -> 2.79 | I66: 80 | J66: =I65-I66 -> -34 | K66: First Quartile | L66: =QUARTILE($C$61:$C$91, 1) -> 5993.5 | M66: =QUARTILE($E$61:$E$91, 1) -> 263.75 | N66: =QUARTILE($G$61:$G$91, 1) -> 4.315 | O66: =QUARTILE($I$61:$I$91, 1) -> 59.5
A67: 66 | B67: 44627 | C67: 7130 | D67: =C66-C67 -> 1129 | E67: 308.7 | F67: =E66-E67 -> 51.4 | G67: 5.13 | H67: =G67-G66 -> -0.82 | I67: 67 | J67: =I66-I67 -> 13 | K67: Third Quartile | L67: =QUARTILE($C$61:$C$91, 3) -> 9063.5 | M67: =QUARTILE($E$61:$E$91, 3) -> 396.2 | N67: =QUARTILE($G$61:$G$91, 3) -> 6.525 | O67: =QUARTILE($I$61:$I$91, 3) -> 88
A68: 67 | B68: 44628 | C68: 8382 | D68: =C67-C68 -> -1252 | E68: 361.8 | F68: =E67-E68 -> -53.1 | G68: 6.04 | H68: =G68-G67 -> 0.91 | I68: 78 | J68: =I67-I68 -> -11 | K68: Variance | L68: =VAR($C$61:$C$91) -> 9467582.5 | M68: =VAR($E$61:$E$91) -> 17480.62 | N68: =VAR($G$61:$G$91) -> 4.9065934 | O68: =VAR($I$61:$I$91) -> 818.16524
A69: 68 | B69: 44629 | C69: 7371 | D69: =C68-C69 -> 1011 | E69: 317.6 | F69: =E68-E69 -> 44.2 | G69: 5.31 | H69: =G69-G68 -> -0.73 | I69: 68 | J69: =I68-I69 -> 10 | K69: Standard Deviation | L69: =STDEV($C$61:$C$91) -> 3076.9437 | M69: =STDEV($E$61:$E$91) -> 132.2143 | N69: =STDEV($G$61:$G$91) -> 2.2150832 | O69: =STDEV($I$61:$I$91) -> 28.603588
A70: 69 | B70: 44630 | C70: 9056 | D70: =C69-C70 -> -1685 | E70: 396.7 | F70: =E69-E70 -> -79.1 | G70: 6.52 | H70: =G70-G69 -> 1.21 | I70: 88 | J70: =I69-I70 -> -20 | K70: Kurtosis | L70: =KURT($C$61:$C$91) -> 0.84945293 | M70: =KURT($E$61:$E$91) -> 0.91637876 | N70: =KURT($G$61:$G$91) -> 0.84650031 | O70: =KURT($I$61:$I$91) -> 1.0592001
A71: 70 | B71: 44631 | C71: 8256 | D71: =C70-C71 -> 800 | E71: 359 | F71: =E70-E71 -> 37.7 | G71: 5.94 | H71: =G71-G70 -> -0.58 | I71: 79 | J71: =I70-I71 -> 9 | K71: Skewness | L71: =SKEW($C$61:$C$91) -> -0.16400365 | M71: =SKEW($E$61:$E$91) -> -0.15930875 | N71: =SKEW($G$61:$G$91) -> -0.16546386 | O71: =SKEW($I$61:$I$91) -> -0.1633368
A72: 71 | B72: 44632 | C72: 8609 | D72: =C71-C72 -> -353 | E72: 374 | F72: =E71-E72 -> -15 | G72: 6.2 | H72: =G72-G71 -> 0.26 | I72: 80 | J72: =I71-I72 -> -1 | K72: Range | L72: =MAX($C$61:$C$91)-MIN($C$61:$C$91) -> 14036 | M72: =MAX($E$61:$E$91)-MIN($E$61:$E$91) -> 609 | N72: =MAX($G$61:$G$91)-MIN($G$61:$G$91) -> 10.1 | O72: =MAX($I$61:$I$91)-MIN($I$61:$I$91) -> 134
A73: 72 | B73: 44633 | C73: 1600 | D73: =C72-C73 -> 7009 | E73: 73.2 | F73: =E72-E73 -> 300.8 | G73: 1.15 | H73: =G73-G72 -> -5.05 | I73: 17 | J73: =I72-I73 -> 63 | K73: Minimum | L73: =MIN($C$61:$C$91) -> 997 | M73: =MIN($E$61:$E$91) -> 44.8 | N73: =MIN($G$61:$G$91) -> 0.72 | O73: =MIN($I$61:$I$91) -> 10
A74: 73 | B74: 44634 | C74: 9071 | D74: =C73-C74 -> -7471 | E74: 395.7 | F74: =E73-E74 -> -322.5 | G74: 6.53 | H74: =G74-G73 -> 5.38 | I74: 88 | J74: =I73-I74 -> -71 | K74: Maximum | L74: =MAX($C$61:$C$91) -> 15033 | M74: =MAX($E$61:$E$91) -> 653.8 | N74: =MAX($G$61:$G$91) -> 10.82 | O74: =MAX($I$61:$I$91) -> 144
A75: 74 | B75: 44635 | C75: 10658 | D75: =C74-C75 -> -1587 | E75: 460.4 | F75: =E74-E75 -> -64.7 | G75: 7.67 | H75: =G75-G74 -> 1.14 | I75: 100 | J75: =I74-I75 -> -12 | K75: Sum | L75: =SUM($C$61:$C$91) -> 203478 | M75: =SUM($E$61:$E$91) -> 8880.6 | N75: =SUM($G$61:$G$91) -> 146.51 | O75: =SUM($I$61:$I$91) -> 1961
A76: 75 | B76: 44636 | C76: 9789 | D76: =C75-C76 -> 869 | E76: 423.5 | F76: =E75-E76 -> 36.9 | G76: 7.05 | H76: =G76-G75 -> -0.62 | I76: 92 | J76: =I75-I76 -> 8 | K76: Count | L76: =COUNT($D$61:$D$91) -> 31 | M76: =COUNT($F$61:$F$91) -> 31 | N76: =COUNT($H$61:$H$91) -> 31 | O76: =COUNT($J$61:$J$91) -> 31
A77: 76 | B77: 44637 | C77: 6022 | D77: =C76-C77 -> 3767 | E77: 263.4 | F77: =E76-E77 -> 160.1 | G77: 4.34 | H77: =G77-G76 -> -2.71 | I77: 59 | J77: =I76-I77 -> 33
A78: 77 | B78: 44638 | C78: 10008 | D78: =C77-C78 -> -3986 | E78: 432.9 | F78: =E77-E78 -> -169.5 | G78: 7.21 | H78: =G78-G77 -> 2.87 | I78: 95 | J78: =I77-I78 -> -36
A79: 78 | B79: 44639 | C79: 2140 | D79: =C78-C79 -> 7868 | E79: 100.5 | F79: =E78-E79 -> 332.4 | G79: 1.54 | H79: =G79-G78 -> -5.67 | I79: 24 | J79: =I78-I79 -> 71
A80: 79 | B80: 44640 | C80: 997 | D80: =C79-C80 -> 1143 | E80: 44.8 | F80: =E79-E80 -> 55.7 | G80: 0.72 | H80: =G80-G79 -> -0.82 | I80: 10 | J80: =I79-I80 -> 14
A81: 80 | B81: 44641 | C81: 7883 | D81: =C80-C81 -> -6886 | E81: 345.6 | F81: =E80-E81 -> -300.8 | G81: 5.68 | H81: =G81-G80 -> 4.96 | I81: 78 | J81: =I80-I81 -> -68
A82: 81 | B82: 44642 | C82: 5731 | D82: =C81-C82 -> 2152 | E82: 252 | F82: =E81-E82 -> 93.6 | G82: 4.13 | H82: =G82-G81 -> -1.55 | I82: 57 | J82: =I81-I82 -> 21
A83: 82 | B83: 44643 | C83: 7576 | D83: =C82-C83 -> -1845 | E83: 329.9 | F83: =E82-E83 -> -77.9 | G83: 5.45 | H83: =G83-G82 -> 1.32 | I83: 73 | J83: =I82-I83 -> -16
A84: 83 | B84: 44644 | C84: 8140 | D84: =C83-C84 -> -564 | E84: 360.8 | F84: =E83-E84 -> -30.9 | G84: 5.86 | H84: =G84-G83 -> 0.41 | I84: 82 | J84: =I83-I84 -> -9
A85: 84 | B85: 44645 | C85: 5965 | D85: =C84-C85 -> 2175 | E85: 264.1 | F85: =E84-E85 -> 96.7 | G85: 4.29 | H85: =G85-G84 -> -1.57 | I85: 60 | J85: =I84-I85 -> 22
A86: 85 | B86: 44646 | C86: 11629 | D86: =C85-C86 -> -5664 | E86: 502.3 | F86: =E85-E86 -> -238.2 | G86: 8.37 | H86: =G86-G85 -> 4.08 | I86: 109 | J86: =I85-I86 -> -49
A87: 86 | B87: 44647 | D87: =C86-C87 -> 11629 | F87: =E86-E87 -> 502.3 | H87: =G87-G86 -> -8.37 | J87: =I86-I87 -> 109
A88: 87 | B88: 44648 | D88: =C87-C88 -> 0 | F88: =E87-E88 -> 0 | H88: =G88-G87 -> 0 | J88: =I87-I88 -> 0
A89: 88 | B89: 44649 | D89: =C88-C89 -> 0 | F89: =E88-E89 -> 0 | H89: =G89-G88 -> 0 | J89: =I88-I89 -> 0
A90: 89 | B90: 44650 | D90: =C89-C90 -> 0 | F90: =E89-E90 -> 0 | H90: =G90-G89 -> 0 | J90: =I89-I90 -> 0
A91: 90 | B91: 44651 | C91: 7385 | D91: =C90-C91 -> -7385 | E91: 328.7 | F91: =E90-E91 -> -328.7 | G91: 5.32 | H91: =G91-G90 -> 5.32 | I91: 75 | J91: =I90-I91 -> -75
A92: 91 | B92: 44652 | C92: 7461 | D92: =C91-C92 -> -76 | E92: 335.4 | F92: =E91-E92 -> -6.7 | G92: 5.37 | H92: =G92-G91 -> 0.05 | I92: 77 | J92: =I91-I92 -> -2 | L92: Steps | M92: Calories | N92: Distance | O92: Time
A93: 92 | B93: 44653 | C93: 12292 | D93: =C92-C93 -> -4831 | E93: 576.1 | F93: =E92-E93 -> -240.7 | G93: 8.85 | H93: =G93-G92 -> 3.48 | I93: 141 | J93: =I92-I93 -> -64 | K93: Mean | L93: =AVERAGE($C$92:$C$121) -> 6686.1667 | M93: =AVERAGE($E$92:$E$121) -> 312.11 | N93: =AVERAGE($G$92:$G$121) -> 4.814 | O93: =AVERAGE($I$92:$I$121) -> 76.033333
A94: 93 | B94: 44654 | C94: 4780 | D94: =C93-C94 -> 7512 | E94: 233.4 | F94: =E93-E94 -> 342.7 | G94: 3.44 | H94: =G94-G93 -> -5.41 | I94: 59 | J94: =I93-I94 -> 82 | K94: Standard Error | L94: =SQRT(VAR($C$92:$C$121)/COUNT($C$92:$C$121)) -> 581.20913 | M94: =SQRT(VAR($E$92:$E$121)/COUNT($E$92:$E$121)) -> 26.770661 | N94: =SQRT(VAR($G$92:$G$121)/COUNT($G$92:$G$121)) -> 0.41860046 | O94: =SQRT(VAR($I$92:$I$121)/COUNT($I$92:$I$121)) -> 6.4256103
A95: 94 | B95: 44655 | C95: 4597 | D95: =C94-C95 -> 183 | E95: 216.4 | F95: =E94-E95 -> 17 | G95: 3.31 | H95: =G95-G94 -> -0.13 | I95: 53 | J95: =I94-I95 -> 6 | K95: Mode | L95: =MODE($C$92:$C$121) -> #VALUE! | M95: =MODE($E$92:$E$121) -> 243.3 | N95: =MODE($G$92:$G$121) -> 3.49 | O95: =MODE($I$92:$I$121) -> 52
A96: 95 | B96: 44656 | C96: 6460 | D96: =C95-C96 -> -1863 | E96: 299.6 | F96: =E95-E96 -> -83.2 | G96: 4.65 | H96: =G96-G95 -> 1.34 | I96: 73 | J96: =I95-I96 -> -20 | K96: Median | L96: =MEDIAN($C$92:$C$121) -> 5850 | M96: =MEDIAN($E$92:$E$121) -> 272.25 | N96: =MEDIAN($G$92:$G$121) -> 4.21 | O96: =MEDIAN($I$92:$I$121) -> 66
A97: 96 | B97: 44657 | C97: 7104 | D97: =C96-C97 -> -644 | E97: 334.5 | F97: =E96-E97 -> -34.9 | G97: 5.11 | H97: =G97-G96 -> 0.46 | I97: 82 | J97: =I96-I97 -> -9 | K97: First Quartile | L97: =QUARTILE($C$92:$C$121, 1) -> 4846.5 | M97: =QUARTILE($E$92:$E$121, 1) -> 229.425 | N97: =QUARTILE($G$92:$G$121, 1) -> 3.49 | O97: =QUARTILE($I$92:$I$121, 1) -> 56.25
A98: 97 | B98: 44658 | C98: 5301 | D98: =C97-C98 -> 1803 | E98: 243.3 | F98: =E97-E98 -> 91.2 | G98: 3.82 | H98: =G98-G97 -> -1.29 | I98: 58 | J98: =I97-I98 -> 24 | K98: Third Quartile | L98: =QUARTILE($C$92:$C$121, 3) -> 7143.75 | M98: =QUARTILE($E$92:$E$121, 3) -> 333.85 | N98: =QUARTILE($G$92:$G$121, 3) -> 5.14 | O98: =QUARTILE($I$92:$I$121, 3) -> 80.75
A99: 98 | B99: 44659 | C99: 6342 | D99: =C98-C99 -> -1041 | E99: 305.9 | F99: =E98-E99 -> -62.6 | G99: 4.57 | H99: =G99-G98 -> 0.75 | I99: 77 | J99: =I98-I99 -> -19 | K99: Variance | L99: =VAR($C$92:$C$121) -> 10134122 | M99: =VAR($E$92:$E$121) -> 21500.049 | N99: =VAR($G$92:$G$121) -> 5.2567903 | O99: =VAR($I$92:$I$121) -> 1238.654
A100: 99 | B100: 44660 | C100: 19730 | D100: =C99-C100 -> -13388 | E100: 911.8 | F100: =E99-E100 -> -605.9 | G100: 14.21 | H100: =G100-G99 -> 9.64 | I100: 219 | J100: =I99-I100 -> -142 | K100: Standard Deviation | L100: =STDEV($C$92:$C$121) -> 3183.4135 | M100: =STDEV($E$92:$E$121) -> 146.62895 | N100: =STDEV($G$92:$G$121) -> 2.2927691 | O100: =STDEV($I$92:$I$121) -> 35.194517
A101: 100 | B101: 44661 | C101: 11771 | D101: =C100-C101 -> 7959 | E101: 548.9 | F101: =E100-E101 -> 362.9 | G101: 8.48 | H101: =G101-G100 -> -5.73 | I101: 134 | J101: =I100-I101 -> 85 | K101: Kurtosis | L101: =KURT($C$92:$C$121) -> 9.4353352 | M101: =KURT($E$92:$E$121) -> 9.3957704 | N101: =KURT($G$92:$G$121) -> 9.4433413 | O101: =KURT($I$92:$I$121) -> 9.14952
A102: 101 | B102: 44662 | C102: 5272 | D102: =C101-C102 -> 6499 | E102: 243.3 | F102: =E101-E102 -> 305.6 | G102: 3.8 | H102: =G102-G101 -> -4.68 | I102: 59 | J102: =I101-I102 -> 75 | K102: Skewness | L102: =SKEW($C$92:$C$121) -> 2.7841122 | M102: =SKEW($E$92:$E$121) -> 2.7888056 | N102: =SKEW($G$92:$G$121) -> 2.7859541 | O102: =SKEW($I$92:$I$121) -> 2.7623657
...

Sheet 2023
A1: Number | B1: Day | C1: Steps | D1: Difference | E1: Calories | F1: Difference of C | G1: Distance | H1: Difference of D | I1: Time | J1: Difference of time | L1: Steps | M1: Calories | N1: Distance | O1: Time
A2: 1 | B2: 44927 | C2: 6267 | E2: 291.4 | G2: 4.51 | I2: 71 | K2: Mean | L2: =AVERAGE($C$1:$C$32) -> 8696.6452 | M2: =AVERAGE($E$1:$E$32) -> 394.91935 | N2: =AVERAGE($G$1:$G$32) -> 6.2612903 | O2: =AVERAGE($I$1:$I$32) -> 78.774194
A3: 2 | B3: 44928 | C3: 8077 | D3: =C3-C2 -> 1810 | E3: 352.4 | F3: =E3-E2 -> 61 | G3: 5.82 | H3: =G3-G2 -> 1.31 | I3: 71 | J3: =I3-I2 -> 0 | K3: Standard Error | L3: =SQRT(VAR($C$1:$C$32)/COUNT($C$1:$C$32)) -> 780.01453 | M3: =SQRT(VAR($E$1:$E$32)/COUNT($E$1:$E$32)) -> 34.394659 | N3: =SQRT(VAR($G$1:$G$32)/COUNT($G$1:$G$32)) -> 0.56160537 | O3: =SQRT(VAR($I$1:$I$32)/COUNT($I$1:$I$32)) -> 6.7404588
A4: 3 | B4: 44929 | C4: 2155 | D4: =C4-C3 -> -5922 | E4: 99.4 | F4: =E4-E3 -> -253 | G4: 1.55 | H4: =G4-G3 -> -4.27 | I4: 24 | J4: =I4-I3 -> -47 | K4: Mode | L4: =MODE($C$1:$C$32) -> #VALUE! | M4: =MODE($E$1:$E$32) -> #VALUE! | N4: =MODE($G$1:$G$32) -> #VALUE! | O4: =MODE($I$1:$I$32) -> 71
A5: 4 | B5: 44930 | C5: 9107 | D5: =C5-C4 -> 6952 | E5: 396.1 | F5: =E5-E4 -> 296.7 | G5: 6.56 | H5: =G5-G4 -> 5.01 | I5: 69 | J5: =I5-I4 -> 45 | K5: Median | L5: =MEDIAN($C$1:$C$32) -> 8931 | M5: =MEDIAN($E$1:$E$32) -> 397.2 | N5: =MEDIAN($G$1:$G$32) -> 6.43 | O5: =MEDIAN($I$1:$I$32) -> 71
A6: 5 | B6: 44931 | C6: 1808 | D6: =C6-C5 -> -7299 | E6: 83.9 | F6: =E6-E5 -> -312.2 | G6: 1.3 | H6: =G6-G5 -> -5.26 | I6: 20 | J6: =I6-I5 -> -49 | K6: First Quartile | L6: =QUARTILE($C$1:$C$32, 1) -> 6141.5 | M6: =QUARTILE($E$1:$E$32, 1) -> 286.5 | N6: =QUARTILE($G$1:$G$32, 1) -> 4.42 | O6: =QUARTILE($I$1:$I$32, 1) -> 57
A7: 6 | B7: 44932 | C7: 6640 | D7: =C7-C6 -> 4832 | E7: 287.3 | F7: =E7-E6 -> 203.4 | G7: 4.78 | H7: =G7-G6 -> 3.48 | I7: 54 | J7: =I7-I6 -> 34 | K7: Third Quartile | L7: =QUARTILE($C$1:$C$32, 3) -> 10321.5 | M7: =QUARTILE($E$1:$E$32, 3) -> 474.8 | N7: =QUARTILE($G$1:$G$32, 3) -> 7.435 | O7: =QUARTILE($I$1:$I$32, 3) -> 89
A8: 7 | B8: 44933 | C8: 18026 | D8: =C8-C7 -> 11386 | E8: 791.3 | F8: =E8-E7 -> 504 | G8: 12.98 | H8: =G8-G7 -> 8.2 | I8: 171 | J8: =I8-I7 -> 117 | K8: Variance | L8: =VAR($C$1:$C$32) -> 18861103 | M8: =VAR($E$1:$E$32) -> 36672.769 | N8: =VAR($G$1:$G$32) -> 9.7774183 | O8: =VAR($I$1:$I$32) -> 1408.4473
A9: 8 | B9: 44934 | C9: 8405 | D9: =C9-C8 -> -9621 | E9: 375 | F9: =E9-E8 -> -416.3 | G9: 6.05 | H9: =G9-G8 -> -6.93 | I9: 64 | J9: =I9-I8 -> -107 | K9: Standard Deviation | L9: =STDEV($C$1:$C$32) -> 4342.9371 | M9: =STDEV($E$1:$E$32) -> 191.50135 | N9: =STDEV($G$1:$G$32) -> 3.1268864 | O9: =STDEV($I$1:$I$32) -> 37.529286
A10: 9 | B10: 44935 | C10: 4765 | D10: =C10-C9 -> -3640 | E10: 215.6 | F10: =E10-E9 -> -159.4 | G10: 3.43 | H10: =G10-G9 -> -2.62 | I10: 49 | J10: =I10-I9 -> -15 | K10: Kurtosis | L10: =KURT($C$1:$C$32) -> 0.59076702 | M10: =KURT($E$1:$E$32) -> 0.5868273 | N10: =KURT($G$1:$G$32) -> 0.58766417 | O10: =KURT($I$1:$I$32) -> 2.4126517
A11: 10 | B11: 44936 | C11: 3768 | D11: =C11-C10 -> -997 | E11: 181 | F11: =E11-E10 -> -34.6 | G11: 2.71 | H11: =G11-G10 -> -0.72 | I11: 45 | J11: =I11-I10 -> -4 | K11: Skewness | L11: =SKEW($C$1:$C$32) -> 0.77544679 | M11: =SKEW($E$1:$E$32) -> 0.73009378 | N11: =SKEW($G$1:$G$32) -> 0.77433428 | O11: =SKEW($I$1:$I$32) -> 1.2738656
A12: 11 | B12: 44937 | C12: 6016 | D12: =C12-C11 -> 2248 | E12: 562.7 | F12: =E12-E11 -> 381.7 | G12: 4.33 | H12: =G12-G11 -> 1.62 | I12: 56 | J12: =I12-I11 -> 11 | K12: Range | L12: =MAX($C$1:$C$32)-MIN($C$1:$C$32) -> 16739 | M12: =MAX($E$1:$E$32)-MIN($E$1:$E$32) -> 749.9 | N12: =MAX($G$1:$G$32)-MIN($G$1:$G$32) -> 12.05 | O12: =MAX($I$1:$I$32)-MIN($I$1:$I$32) -> 172
A13: 12 | B13: 44938 | C13: 6515 | D13: =C13-C12 -> 499 | E13: 291.8 | F13: =E13-E12 -> -270.9 | G13: 4.69 | H13: =G13-G12 -> 0.36 | I13: 67 | J13: =I13-I12 -> 11 | K13: Minimum | L13: =MIN($C$1:$C$32) -> 1808 | M13: =MIN($E$1:$E$32) -> 83.9 | N13: =MIN($G$1:$G$32) -> 1.3 | O13: =MIN($I$1:$I$32) -> 20
A14: 13 | B14: 44939 | C14: 4989 | D14: =C14-C13 -> -1526 | E14: 235.7 | F14: =E14-E13 -> -56.1 | G14: 3.59 | H14: =G14-G13 -> -1.1 | I14: 58 | J14: =I14-I13 -> -9 | K14: Maximum | L14: =MAX($C$1:$C$32) -> 18547 | M14: =MAX($E$1:$E$32) -> 833.8 | N14: =MAX($G$1:$G$32) -> 13.35 | O14: =MAX($I$1:$I$32) -> 192
A15: 14 | B15: 44940 | C15: 9852 | D15: =C15-C14 -> 4863 | E15: 427.8 | F15: =E15-E14 -> 192.1 | G15: 7.09 | H15: =G15-G14 -> 3.5 | I15: 89 | J15: =I15-I14 -> 31 | K15: Sum | L15: =SUM($C$1:$C$32) -> 269596 | M15: =SUM($E$1:$E$32) -> 12242.5 | N15: =SUM($G$1:$G$32) -> 194.1 | O15: =SUM($I$1:$I$32) -> 2442
A16: 15 | B16: 44941 | C16: 10634 | D16: =C16-C15 -> 782 | E16: 472.2 | F16: =E16-E15 -> 44.4 | G16: 7.66 | H16: =G16-G15 -> 0.57 | I16: 85 | J16: =I16-I15 -> -4 | K16: Count | L16: =COUNT($C$1:$C$32) -> 31 | M16: =COUNT($E$1:$E$32) -> 31 | N16: =COUNT($G$1:$G$32) -> 31 | O16: =COUNT($I$1:$I$32) -> 31
A17: 16 | B17: 44942 | C17: 11086 | D17: =C17-C16 -> 452 | E17: 477.4 | F17: =E17-E16 -> 5.2 | G17: 7.98 | H17: =G17-G16 -> 0.32 | I17: 88 | J17: =I17-I16 -> 3
A18: 17 | B18: 44943 | C18: 14982 | D18: =C18-C17 -> 3896 | E18: 638.6 | F18: =E18-E17 -> 161.2 | G18: 10.79 | H18: =G18-G17 -> 2.81 | I18: 119 | J18: =I18-I17 -> 31
A19: 18 | B19: 44944 | C19: 18547 | D19: =C19-C18 -> 3565 | E19: 833.8 | F19: =E19-E18 -> 195.2 | G19: 13.35 | H19: =G19-G18 -> 2.56 | I19: 132 | J19: =I19-I18 -> 13
A20: 19 | B20: 44945 | C20: 9134 | D20: =C20-C19 -> -9413 | E20: 397.2 | F20: =E20-E19 -> -436.6 | G20: 6.58 | H20: =G20-G19 -> -6.77 | I20: 78 | J20: =I20-I19 -> -54
A21: 20 | B21: 44946 | C21: 5017 | D21: =C21-C20 -> -4117 | E21: 226.4 | F21: =E21-E20 -> -170.8 | G21: 3.61 | H21: =G21-G20 -> -2.97 | I21: 52 | J21: =I21-I20 -> -26
A22: 21 | B22: 44947 | C22: 10743 | D22: =C22-C21 -> 5726 | E22: 488.6 | F22: =E22-E21 -> 262.2 | G22: 7.73 | H22: =G22-G21 -> 4.12 | I22: 115 | J22: =I22-I21 -> 63
A23: 22 | B23: 44948 | C23: 18354 | D23: =C23-C22 -> 7611 | E23: 828 | F23: =E23-E22 -> 339.4 | G23: 13.21 | H23: =G23-G22 -> 5.48 | I23: 192 | J23: =I23-I22 -> 77
A24: 23 | B24: 44949 | C24: 9956 | D24: =C24-C23 -> -8398 | E24: 435.5 | F24: =E24-E23 -> -392.5 | G24: 7.17 | H24: =G24-G23 -> -6.04 | I24: 81 | J24: =I24-I23 -> -111
A25: 24 | B25: 44950 | C25: 7323 | D25: =C25-C24 -> -2633 | E25: 325.8 | F25: =E25-E24 -> -109.7 | G25: 5.27 | H25: =G25-G24 -> -1.9 | I25: 62 | J25: =I25-I24 -> -19
A26: 25 | B26: 44951 | C26: 6548 | D26: =C26-C25 -> -775 | E26: 285.7 | F26: =E26-E25 -> -40.1 | G26: 4.71 | H26: =G26-G25 -> -0.56 | I26: 61 | J26: =I26-I25 -> -1
A27: 26 | B27: 44952 | C27: 11140 | D27: =C27-C26 -> 4592 | E27: 479 | F27: =E27-E26 -> 193.3 | G27: 8.02 | H27: =G27-G26 -> 3.31 | I27: 92 | J27: =I27-I26 -> 31
A28: 27 | B28: 44953 | C28: 9063 | D28: =C28-C27 -> -2077 | E28: 402 | F28: =E28-E27 -> -77 | G28: 6.53 | H28: =G28-G27 -> -1.49 | I28: 77 | J28: =I28-I27 -> -15
... A32: 31 | B32: 44957 | C32: 8931 | D32: =C32-C31 -> -245 | E32: 397.7 | F32: =E32-E31 -> -14.6 | G32: 6.43 | H32: =G32-G31 -> -0.18 | I32: 89 | J32: =I32-I31 -> -7
A33: 32 | B33: 44958 | C33: 10345 | D33: =C33-C32 -> 1414 | E33: 454.6 | F33: =E33-E32 -> 56.9 | G33: 7.45 | H33: =G33-G32 -> 1.02 | I33: 83 | J33: =I33-I32 -> -6 | L33: Steps | M33: Calories | N33: Distance | O33: Time
A34: 33 | B34: 44959 | C34: 6524 | D34: =C34-C33 -> -3821 | E34: 297.1 | F34: =E34-E33 -> -157.5 | G34: 4.7 | H34: =G34-G33 -> -2.75 | I34: 70 | J34: =I34-I33 -> -13 | K34: Mean | L34: =AVERAGE($C$33:$C$60) -> 8440.8571 | M34: =AVERAGE($E$33:$E$60) -> 377.83571 | N34: =AVERAGE($G$33:$G$60) -> 6.0775 | O34: =AVERAGE($I$33:$I$60) -> 79.607143
A35: 34 | B35: 44960 | C35: 2193 | D35: =C35-C34 -> -4331 | E35: 99.7 | F35: =E35-E34 -> -197.4 | G35: 1.58 | H35: =G35-G34 -> -3.12 | I35: 23 | J35: =I35-I34 -> -47 | K35: Standard Error | L35: =SQRT(VAR($C$33:$C$60)/COUNT($C$33:$C$60)) -> 756.21981 | M35: =SQRT(VAR($E$33:$E$60)/COUNT($E$33:$E$60)) -> 33.060145 | N35: =SQRT(VAR($G$33:$G$60)/COUNT($G$33:$G$60)) -> 0.54448889 | O35: =SQRT(VAR($I$33:$I$60)/COUNT($I$33:$I$60)) -> 7.2825332
A36: 35 | B36: 44961 | C36: 4327 | D36: =C36-C35 -> 2134 | E36: 199 | F36: =E36-E35 -> 99.3 | G36: 3.12 | H36: =G36-G35 -> 1.54 | I36: 47 | J36: =I36-I35 -> 24 | K36: Mode | L36: =MODE($C$33:$C$60) -> #VALUE! | M36: =MODE($E$33:$E$60) -> #VALUE! | N36: =MODE($G$33:$G$60) -> #VALUE! | O36: =MODE($I$33:$I$60) -> 62
A37: 36 | B37: 44962 | C37: 6007 | D37: =C37-C36 -> 1680 | E37: 283.7 | F37: =E37-E36 -> 84.7 | G37: 4.33 | H37: =G37-G36 -> 1.21 | I37: 70 | J37: =I37-I36 -> 23 | K37: Median | L37: =MEDIAN($C$33:$C$60) -> 8335 | M37: =MEDIAN($E$33:$E$60) -> 380.85 | N37: =MEDIAN($G$33:$G$60) -> 6 | O37: =MEDIAN($I$33:$I$60) -> 72.5
A38: 37 | B38: 44963 | C38: 12764 | D38: =C38-C37 -> 6757 | E38: 573.9 | F38: =E38-E37 -> 290.2 | G38: 9.19 | H38: =G38-G37 -> 4.86 | I38: 134 | J38: =I38-I37 -> 64 | K38: First Quartile | L38: =QUARTILE($C$33:$C$60, 1) -> 5866.75 | M38: =QUARTILE($E$33:$E$60, 1) -> 270.7 | N38: =QUARTILE($G$33:$G$60, 1) -> 4.2275 | O38: =QUARTILE($I$33:$I$60, 1) -> 60.75
A39: 38 | B39: 44964 | C39: 7518 | D39: =C39-C38 -> -5246 | E39: 336.6 | F39: =E39-E38 -> -237.3 | G39: 5.41 | H39: =G39-G38 -> -3.78 | I39: 76 | J39: =I39-I38 -> -58 | K39: Third Quartile | L39: =QUARTILE($C$33:$C$60, 3) -> 10273.75 | M39: =QUARTILE($E$33:$E$60, 3) -> 447.85 | N39: =QUARTILE($G$33:$G$60, 3) -> 7.3975 | O39: =QUARTILE($I$33:$I$60, 3) -> 90.25
A40: 39 | B40: 44965 | C40: 6237 | D40: =C40-C39 -> -1281 | E40: 279.1 | F40: =E40-E39 -> -57.5 | G40: 4.49 | H40: =G40-G39 -> -0.92 | I40: 62 | J40: =I40-I39 -> -14 | K40: Variance | L40: =VAR($C$33:$C$60) -> 16012315 | M40: =VAR($E$33:$E$60) -> 30603.25 | N40: =VAR($G$33:$G$60) -> 8.3011083 | O40: =VAR($I$33:$I$60) -> 1484.9881
A41: 40 | B41: 44966 | C41: 8243 | D41: =C41-C40 -> 2006 | E41: 373.6 | F41: =E41-E40 -> 94.5 | G41: 5.93 | H41: =G41-G40 -> 1.44 | I41: 82 | J41: =I41-I40 -> 20 | K41: Standard Deviation | L41: =STDEV($C$33:$C$60) -> 4001.5391 | M41: =STDEV($E$33:$E$60) -> 174.93785 | N41: =STDEV($G$33:$G$60) -> 2.8811644 | O41: =STDEV($I$33:$I$60) -> 38.535543
A42: 41 | B42: 44967 | C42: 3508 | D42: =C42-C41 -> -4735 | E42: 153.9 | F42: =E42-E41 -> -219.7 | G42: 2.53 | H42: =G42-G41 -> -3.4 | I42: 33 | J42: =I42-I41 -> -49 | K42: Kurtosis | L42: =KURT($C$33:$C$60) -> 4.5149238 | M42: =KURT($E$33:$E$60) -> 4.2099588 | N42: =KURT($G$33:$G$60) -> 4.5217139 | O42: =KURT($I$33:$I$60) -> 5.602534
A43: 42 | B43: 44968 | C43: 5070 | D43: =C43-C42 -> 1562 | E43: 225.9 | F43: =E43-E42 -> 72 | G43: 3.65 | H43: =G43-G42 -> 1.12 | I43: 52 | J43: =I43-I42 -> 19 | K43: Skewness | L43: =SKEW($C$33:$C$60) -> 1.4168233 | M43: =SKEW($E$33:$E$60) -> 1.32605 | N43: =SKEW($G$33:$G$60) -> 1.4185339 | O43: =SKEW($I$33:$I$60) -> 1.8130052
A44: 43 | B44: 44969 | C44: 11771 | D44: =C44-C43 -> 6701 | E44: 531.8 | F44: =E44-E43 -> 305.9 | G44: 8.48 | H44: =G44-G43 -> 4.83 | I44: 124 | J44: =I44-I43 -> 72 | K44: Range | L44: =MAX($C$33:$C$60)-MIN($C$33:$C$60) -> 20303 | M44: =MAX($E$33:$E$60)-MIN($E$33:$E$60) -> 884.6 | N44: =MAX($G$33:$G$60)-MIN($G$33:$G$60) -> 14.62 | O44: =MAX($I$33:$I$60)-MIN($I$33:$I$60) -> 197
A45: 44 | B45: 44970 | C45: 11827 | D45: =C45-C44 -> 56 | E45: 518.8 | F45: =E45-E44 -> -13 | G45: 8.52 | H45: =G45-G44 -> 0.04 | I45: 112 | J45: =I45-I44 -> -12 | K45: Minimum | L45: =MIN($C$33:$C$60) -> 2193 | M45: =MIN($E$33:$E$60) -> 99.7 | N45: =MIN($G$33:$G$60) -> 1.58 | O45: =MIN($I$33:$I$60) -> 23
A46: 45 | B46: 44971 | C46: 9374 | D46: =C46-C45 -> -2453 | E46: 427.9 | F46: =E46-E45 -> -90.9 | G46: 6.75 | H46: =G46-G45 -> -1.77 | I46: 67 | J46: =I46-I45 -> -45 | K46: Maximum | L46: =MAX($C$33:$C$60) -> 22496 | M46: =MAX($E$33:$E$60) -> 984.3 | N46: =MAX($G$33:$G$60) -> 16.2 | O46: =MAX($I$33:$I$60) -> 220
A47: 46 | B47: 44972 | C47: 8427 | D47: =C47-C46 -> -947 | E47: 388.1 | F47: =E47-E46 -> -39.8 | G47: 6.07 | H47: =G47-G46 -> -0.68 | I47: 62 | J47: =I47-I46 -> -5 | K47: Sum | L47: =SUM($C$33:$C$60) -> 236344 | M47: =SUM($E$33:$E$60) -> 10579.4 | N47: =SUM($G$33:$G$60) -> 170.17 | O47: =SUM($I$33:$I$60) -> 2229
A48: 47 | B48: 44973 | C48: 5446 | D48: =C48-C47 -> -2981 | E48: 245.5 | F48: =E48-E47 -> -142.6 | G48: 3.92 | H48: =G48-G47 -> -2.15 | I48: 57 | J48: =I48-I47 -> -5 | K48: Count | L48: =COUNT($C$33:$C$60) -> 28 | M48: =COUNT($E$33:$E$60) -> 28 | N48: =COUNT($G$33:$G$60) -> 28 | O48: =COUNT($I$33:$I$60) -> 28
A49: 48 | B49: 44974 | C49: 4569 | D49: =C49-C48 -> -877 | E49: 205.5 | F49: =E49-E48 -> -40 | G49: 3.29 | H49: =G49-G48 -> -0.63 | I49: 48 | J49: =I49-I48 -> -9
A50: 49 | B50: 44975 | C50: 7612 | D50: =C50-C49 -> 3043 | E50: 333.6 | F50: =E50-E49 -> 128.1 | G50: 5.48 | H50: =G50-G49 -> 2.19 | I50: 73 | J50: =I50-I49 -> 25
A51: 50 | B51: 44976 | C51: 10250 | D51: =C51-C50 -> 2638 | E51: 444.7 | F51: =E51-E50 -> 111.1 | G51: 7.38 | H51: =G51-G50 -> 1.9 | I51: 89 | J51: =I51-I50 -> 16
A52: 51 | B52: 44977 | C52: 12143 | D52: =C52-C51 -> 1893 | E52: 529 | F52: =E52-E51 -> 84.3 | G52: 8.74 | H52: =G52-G51 -> 1.36 | I52: 113 | J52: =I52-I51 -> 24
A53: 52 | B53: 44978 | C53: 8134 | D53: =C53-C52 -> -4009 | E53: 359.3 | F53: =E53-E52 -> -169.7 | G53: 5.86 | H53: =G53-G52 -> -2.88 | I53: 72 | J53: =I53-I52 -> -41
A54: 53 | B54: 44979 | C54: 9462 | D54: =C54-C53 -> 1328 | E54: 445.6 | F54: =E54-E53 -> 86.3 | G54: 6.81 | H54: =G54-G53 -> 0.95 | I54: 65 | J54: =I54-I53 -> -7
A55: 54 | B55: 44980 | C55: 9270 | D55: =C55-C54 -> -192 | E55: 414.2 | F55: =E55-E54 -> -31.4 | G55: 6.67 | H55: =G55-G54 -> -0.14 | I55: 83 | J55: =I55-I54 -> 18
A56: 55 | B56: 44981 | C56: 3047 | D56: =C56-C55 -> -6223 | E56: 137.9 | F56: =E56-E55 -> -276.3 | G56: 2.19 | H56: =G56-G55 -> -4.48 | I56: 32 | J56: =I56-I55 -> -51
A57: 56 | B57: 44982 | C57: 8965 | D57: =C57-C56 -> 5918 | E57: 424.7 | F57: =E57-E56 -> 286.8 | G57: 6.45 | H57: =G57-G56 -> 4.26 | I57: 106 | J57: =I57-I56 -> 74
A58: 57 | B58: 44983 | C58: 22496 | D58: =C58-C57 -> 13531 | E58: 984.3 | F58: =E58-E57 -> 559.6 | G58: 16.2 | H58: =G58-G57 -> 9.75 | I58: 220 | J58: =I58-I57 -> 114
A59: 58 | B59: 44984 | C59: 11270 | D59: =C59-C58 -> -11226 | E59: 499.9 | F59: =E59-E58 -> -484.4 | G59: 8.11 | H59: =G59-G58 -> -8.09 | I59: 94 | J59: =I59-I58 -> -126
A60: 59 | B60: 44985 | C60: 9545 | D60: =C60-C59 -> -1725 | E60: 411.5 | F60: =E60-E59 -> -88.4 | G60: 6.87 | H60: =G60-G59 -> -1.24 | I60: 80 | J60: =I60-I59 -> -14
A61: 60 | B61: 44986 | C61: 7829 | D61: =C61-C60 -> -1716 | E61: 345.2 | F61: =E61-E60 -> -66.3 | G61: 5.64 | H61: =G61-G60 -> -1.23 | I61: 65 | J61: =I61-I60 -> -15 | L61: Steps | M61: Calories | N61: Distance | O61: Time
A62: 61 | B62: 44987 | C62: 6433 | D62: =C62-C61 -> -1396 | E62: 276.3 | F62: =E62-E61 -> -68.9 | G62: 4.63 | H62: =G62-G61 -> -1.01 | I62: 55 | J62: =I62-I61 -> -10 | K62: Mean | L62: =AVERAGE($C$61:$C$91) -> 8472.2903 | M62: =AVERAGE($E$61:$E$91) -> 372.06129 | N62: =AVERAGE($G$61:$G$91) -> 6.1003226 | O62: =AVERAGE($I$61:$I$91) -> 78.032258
A63: 62 | B63: 44988 | C63: 11653 | D63: =C63-C62 -> 5220 | E63: 506.3 | F63: =E63-E62 -> 230 | G63: 8.39 | H63: =G63-G62 -> 3.76 | I63: 109 | J63: =I63-I62 -> 54 | K63: Standard Error | L63: =SQRT(VAR($C$61:$C$91)/COUNT($C$61:$C$91)) -> 686.12588 | M63: =SQRT(VAR($E$61:$E$91)/COUNT($E$61:$E$91)) -> 30.033282 | N63: =SQRT(VAR($G$61:$G$91)/COUNT($G$61:$G$91)) -> 0.49396933 | O63: =SQRT(VAR($I$61:$I$91)/COUNT($I$61:$I$91)) -> 6.4934183
A64: 63 | B64: 44989 | C64: 4553 | D64: =C64-C63 -> -7100 | E64: 208.5 | F64: =E64-E63 -> -297.8 | G64: 3.28 | H64: =G64-G63 -> -5.11 | I64: 49 | J64: =I64-I63 -> -60 | K64: Mode | L64: =MODE($C$61:$C$91) -> #VALUE! | M64: =MODE($E$61:$E$91) -> 522.5 | N64: =MODE($G$61:$G$91) -> 4.63 | O64: =MODE($I$61:$I$91) -> 38
A65: 64 | B65: 44990 | C65: 15460 | D65: =C65-C64 -> 10907 | E65: 703 | F65: =E65-E64 -> 494.5 | G65: 11.13 | H65: =G65-G64 -> 7.85 | I65: 168 | J65: =I65-I64 -> 119 | K65: Median | L65: =MEDIAN($C$61:$C$91) -> 7806 | M65: =MEDIAN($E$61:$E$91) -> 337.7 | N65: =MEDIAN($G$61:$G$91) -> 5.62 | O65: =MEDIAN($I$61:$I$91) -> 71
A66: 65 | B66: 44991 | C66: 7806 | D66: =C66-C65 -> -7654 | E66: 337.3 | F66: =E66-E65 -> -365.7 | G66: 5.62 | H66: =G66-G65 -> -5.51 | I66: 71 | J66: =I66-I65 -> -97 | K66: First Quartile | L66: =QUARTILE($C$61:$C$91, 1) -> 6435 | M66: =QUARTILE($E$61:$E$91, 1) -> 277.7 | N66: =QUARTILE($G$61:$G$91, 1) -> 4.63 | O66: =QUARTILE($I$61:$I$91, 1) -> 56.5
A67: 66 | B67: 44992 | C67: 7329 | D67: =C67-C66 -> -477 | E67: 318.2 | F67: =E67-E66 -> -19.1 | G67: 5.28 | H67: =G67-G66 -> -0.34 | I67: 67 | J67: =I67-I66 -> -4 | K67: Third Quartile | L67: =QUARTILE($C$61:$C$91, 3) -> 11165 | M67: =QUARTILE($E$61:$E$91, 3) -> 484.2 | N67: =QUARTILE($G$61:$G$91, 3) -> 8.04 | O67: =QUARTILE($I$61:$I$91, 3) -> 98.5
A68: 67 | B68: 44993 | C68: 6524 | D68: =C68-C67 -> -805 | E68: 283 | F68: =E68-E67 -> -35.2 | G68: 4.7 | H68: =G68-G67 -> -0.58 | I68: 59 | J68: =I68-I67 -> -8 | K68: Variance | L68: =VAR($C$61:$C$91) -> 14593830 | M68: =VAR($E$61:$E$91) -> 27961.94 | N68: =VAR($G$61:$G$91) -> 7.5641766 | O68: =VAR($I$61:$I$91) -> 1307.0989
A69: 68 | B69: 44994 | C69: 12090 | D69: =C69-C68 -> 5566 | E69: 522.5 | F69: =E69-E68 -> 239.5 | G69: 8.7 | H69: =G69-G68 -> 4 | I69: 105 | J69: =I69-I68 -> 46 | K69: Standard Deviation | L69: =STDEV($C$61:$C$91) -> 3820.1872 | M69: =STDEV($E$61:$E$91) -> 167.21824 | N69: =STDEV($G$61:$G$91) -> 2.7503048 | O69: =STDEV($I$61:$I$91) -> 36.153823
A70: 69 | B70: 44995 | C70: 7094 | D70: =C70-C69 -> -4996 | E70: 308.8 | F70: =E70-E69 -> -213.7 | G70: 5.11 | H70: =G70-G69 -> -3.59 | I70: 64 | J70: =I70-I69 -> -41 | K70: Kurtosis | L70: =KURT($C$61:$C$91) -> -0.13714856 | M70: =KURT($E$61:$E$91) -> -0.0052531611 | N70: =KURT($G$61:$G$91) -> -0.13669853 | O70: =KURT($I$61:$I$91) -> 1.277134
A71: 70 | B71: 44996 | C71: 746 | D71: =C71-C70 -> -6348 | E71: 36.5 | F71: =E71-E70 -> -272.3 | G71: 0.54 | H71: =G71-G70 -> -4.57 | I71: 9 | J71: =I71-I70 -> -55 | K71: Skewness | L71: =SKEW($C$61:$C$91) -> 0.29607069 | M71: =SKEW($E$61:$E$91) -> 0.3755279 | N71: =SKEW($G$61:$G$91) -> 0.29664487 | O71: =SKEW($I$61:$I$91) -> 0.8945872
A72: 71 | B72: 44997 | C72: 12015 | D72: =C72-C71 -> 11269 | E72: 522.5 | F72: =E72-E71 -> 486 | G72: 8.65 | H72: =G72-G71 -> 8.11 | I72: 96 | J72: =I72-I71 -> 87 | K72: Range | L72: =MAX($C$61:$C$91)-MIN($C$61:$C$91) -> 16098 | M72: =MAX($E$61:$E$91)-MIN($E$61:$E$91) -> 714.5 | N72: =MAX($G$61:$G$91)-MIN($G$61:$G$91) -> 11.59 | O72: =MAX($I$61:$I$91)-MIN($I$61:$I$91) -> 164
A73: 72 | B73: 44998 | C73: 8244 | D73: =C73-C72 -> -3771 | E73: 375.3 | F73: =E73-E72 -> -147.2 | G73: 5.94 | H73: =G73-G72 -> -2.71 | I73: 88 | J73: =I73-I72 -> -8 | K73: Minimum | L73: =MIN($C$61:$C$91) -> 746 | M73: =MIN($E$61:$E$91) -> 36.5 | N73: =MIN($G$61:$G$91) -> 0.54 | O73: =MIN($I$61:$I$91) -> 9
A74: 73 | B74: 44999 | C74: 9824 | D74: =C74-C73 -> 1580 | E74: 424.3 | F74: =E74-E73 -> 49 | G74: 7.07 | H74: =G74-G73 -> 1.13 | I74: 88 | J74: =I74-I73 -> 0 | K74: Maximum | L74: =MAX($C$61:$C$91) -> 16844 | M74: =MAX($E$61:$E$91) -> 751 | N74: =MAX($G$61:$G$91) -> 12.13 | O74: =MAX($I$61:$I$91) -> 173
A75: 74 | B75: 45000 | C75: 9575 | D75: =C75-C74 -> -249 | E75: 427.7 | F75: =E75-E74 -> 3.4 | G75: 6.89 | H75: =G75-G74 -> -0.18 | I75: 76 | J75: =I75-I74 -> -12 | K75: Sum | L75: =SUM($C$61:$C$91) -> 262641 | M75: =SUM($E$61:$E$91) -> 11533.9 | N75: =SUM($G$61:$G$91) -> 189.11 | O75: =SUM($I$61:$I$91) -> 2419
A76: 75 | B76: 45001 | C76: 6782 | D76: =C76-C75 -> -2793 | E76: 294.6 | F76: =E76-E75 -> -133.1 | G76: 4.88 | H76: =G76-G75 -> -2.01 | I76: 64 | J76: =I76-I75 -> -12 | K76: Count | L76: =COUNT($C$61:$C$91) -> 31 | M76: =COUNT($E$61:$E$91) -> 31 | N76: =COUNT($G$61:$G$91) -> 31 | O76: =COUNT($I$61:$I$91) -> 31
A77: 76 | B77: 45002 | C77: 3310 | D77: =C77-C76 -> -3472 | E77: 148 | F77: =E77-E76 -> -146.6 | G77: 2.38 | H77: =G77-G76 -> -2.5 | I77: 34 | J77: =I77-I76 -> -30
A78: 77 | B78: 45003 | C78: 16844 | D78: =C78-C77 -> 13534 | E78: 751 | F78: =E78-E77 -> 603 | G78: 12.13 | H78: =G78-G77 -> 9.75 | I78: 173 | J78: =I78-I77 -> 139
A79: 78 | B79: 45004 | C79: 12249 | D79: =C79-C78 -> -4595 | E79: 536.7 | F79: =E79-E78 -> -214.3 | G79: 8.82 | H79: =G79-G78 -> -3.31 | I79: 106 | J79: =I79-I78 -> -67
A80: 79 | B80: 45005 | C80: 4057 | D80: =C80-C79 -> -8192 | E80: 185.5 | F80: =E80-E79 -> -351.2 | G80: 2.92 | H80: =G80-G79 -> -5.9 | I80: 43 | J80: =I80-I79 -> -63
A81: 80 | B81: 45006 | C81: 3527 | D81: =C81-C80 -> -530 | E81: 159.9 | F81: =E81-E80 -> -25.6 | G81: 2.54 | H81: =G81-G80 -> -0.38 | I81: 38 | J81: =I81-I80 -> -5
A82: 81 | B82: 45007 | C82: 11022 | D82: =C82-C81 -> 7495 | E82: 477.5 | F82: =E82-E81 -> 317.6 | G82: 7.94 | H82: =G82-G81 -> 5.4 | I82: 90 | J82: =I82-I81 -> 52
A83: 82 | B83: 45008 | C83: 7753 | D83: =C83-C82 -> -3269 | E83: 337.7 | F83: =E83-E82 -> -139.8 | G83: 5.58 | H83: =G83-G82 -> -2.36 | I83: 71 | J83: =I83-I82 -> -19
A84: 83 | B84: 45009 | C84: 6861 | D84: =C84-C83 -> -892 | E84: 299.3 | F84: =E84-E83 -> -38.4 | G84: 4.94 | H84: =G84-G83 -> -0.64 | I84: 61 | J84: =I84-I83 -> -10
A85: 84 | B85: 45010 | C85: 10271 | D85: =C85-C84 -> 3410 | E85: 459.3 | F85: =E85-E84 -> 160 | G85: 7.4 | H85: =G85-G84 -> 2.46 | I85: 103 | J85: =I85-I84 -> 42
A86: 85 | B86: 45011 | C86: 15485 | D86: =C86-C85 -> 5214 | E86: 662.4 | F86: =E86-E85 -> 203.1 | G86: 11.15 | H86: =G86-G85 -> 3.75 | I86: 132 | J86: =I86-I85 -> 29
A87: 86 | B87: 45012 | C87: 6345 | D87: =C87-C86 -> -9140 | E87: 277.4 | F87: =E87-E86 -> -385 | G87: 4.57 | H87: =G87-G86 -> -6.58 | I87: 56 | J87: =I87-I86 -> -76
A88: 87 | B88: 45013 | C88: 11308 | D88: =C88-C87 -> 4963 | E88: 490.9 | F88: =E88-E87 -> 213.5 | G88: 8.14 | H88: =G88-G87 -> 3.57 | I88: 101 | J88: =I88-I87 -> 45
... A91: 90 | B91: 45016 | C91: 3480 | D91: =C91-C90 -> -6255 | E91: 161 | F91: =E91-E90 -> -258.3 | G91: 2.51 | H91: =G91-G90 -> -4.5 | I91: 38 | J91: =I91-I90 -> -45
A92: 91 | B92: 45017 | C92: 7597 | D92: =C92-C91 -> 4117 | E92: 340.8 | F92: =E92-E91 -> 179.8 | G92: 5.47 | H92: =G92-G91 -> 2.96 | I92: 54 | J92: =I92-I91 -> 16 | L92: Steps | M92: Calories | N92: Distance | O92: Time
A93: 92 | B93: 45018 | C93: 8693 | D93: =C93-C92 -> 1096 | E93: 387.6 | F93: =E93-E92 -> 46.8 | G93: 6.26 | H93: =G93-G92 -> 0.79 | I93: 68 | J93: =I93-I92 -> 14 | K93: Mean | L93: =AVERAGE($C$92:$C$121) -> 8492.1333 | M93: =AVERAGE($E$92:$E$121) -> 378.72333 | N93: =AVERAGE($G$92:$G$121) -> 6.1146667 | O93: =AVERAGE($I$92:$I$121) -> 74.4
A94: 93 | B94: 45019 | C94: 10039 | D94: =C94-C93 -> 1346 | E94: 443.7 | F94: =E94-E93 -> 56.1 | G94: 7.23 | H94: =G94-G93 -> 0.97 | I94: 86 | J94: =I94-I93 -> 18 | K94: Standard Error | L94: =SQRT(VAR($C$92:$C$121)/COUNT($C$92:$C$121)) -> 709.74976 | M94: =SQRT(VAR($E$92:$E$121)/COUNT($E$92:$E$121)) -> 31.813652 | N94: =SQRT(VAR($G$92:$G$121)/COUNT($G$92:$G$121)) -> 0.51093103 | O94: =SQRT(VAR($I$92:$I$121)/COUNT($I$92:$I$121)) -> 7.3354125
A95: 94 | B95: 45020 | C95: 6169 | D95: =C95-C94 -> -3870 | E95: 270.7 | F95: =E95-E94 -> -173 | G95: 4.44 | H95: =G95-G94 -> -2.79 | I95: 54 | J95: =I95-I94 -> -32 | K95: Mode | L95: =MODE($C$92:$C$121) -> #VALUE! | M95: =MODE($E$92:$E$121) -> #VALUE! | N95: =MODE($G$92:$G$121) -> 4.65 | O95: =MODE($I$92:$I$121) -> 54
A96: 95 | B96: 45021 | C96: 7831 | D96: =C96-C95 -> 1662 | E96: 337.6 | F96: =E96-E95 -> 66.9 | G96: 5.64 | H96: =G96-G95 -> 1.2 | I96: 66 | J96: =I96-I95 -> 12 | K96: Median | L96: =MEDIAN($C$92:$C$121) -> 7851 | M96: =MEDIAN($E$92:$E$121) -> 342.2 | N96: =MEDIAN($G$92:$G$121) -> 5.655 | O96: =MEDIAN($I$92:$I$121) -> 67
A97: 96 | B97: 45022 | C97: 7439 | D97: =C97-C96 -> -392 | E97: 322.5 | F97: =E97-E96 -> -15.1 | G97: 5.36 | H97: =G97-G96 -> -0.28 | I97: 62 | J97: =I97-I96 -> -4 | K97: First Quartile | L97: =QUARTILE($C$92:$C$121, 1) -> 6479.5 | M97: =QUARTILE($E$92:$E$121, 1) -> 284.75 | N97: =QUARTILE($G$92:$G$121, 1) -> 4.6625 | O97: =QUARTILE($I$92:$I$121, 1) -> 55
A98: 97 | B98: 45023 | C98: 5751 | D98: =C98-C97 -> -1688 | E98: 250.4 | F98: =E98-E97 -> -72.1 | G98: 4.14 | H98: =G98-G97 -> -1.22 | I98: 54 | J98: =I98-I97 -> -8 | K98: Third Quartile | L98: =QUARTILE($C$92:$C$121, 3) -> 9787.5 | M98: =QUARTILE($E$92:$E$121, 3) -> 427.375 | N98: =QUARTILE($G$92:$G$121, 3) -> 7.0475 | O98: =QUARTILE($I$92:$I$121, 3) -> 81.75
A99: 98 | B99: 45024 | C99: 10984 | D99: =C99-C98 -> 5233 | E99: 481.2 | F99: =E99-E98 -> 230.8 | G99: 7.91 | H99: =G99-G98 -> 3.77 | I99: 100 | J99: =I99-I98 -> 46 | K99: Variance | L99: =VAR($C$92:$C$121) -> 15112342 | M99: =VAR($E$92:$E$121) -> 30363.253 | N99: =VAR($G$92:$G$121) -> 7.8315154 | O99: =VAR($I$92:$I$121) -> 1614.2483
A100: 99 | B100: 45025 | C100: 5023 | D100: =C100-C99 -> -5961 | E100: 225.4 | F100: =E100-E99 -> -255.8 | G100: 3.62 | H100: =G100-G99 -> -4.29 | I100: 51 | J100: =I100-I99 -> -49 | K100: Standard Deviation | L100: =STDEV($C$92:$C$121) -> 3887.4595 | M100: =STDEV($E$92:$E$121) -> 174.25055 | N100: =STDEV($G$92:$G$121) -> 2.7984845 | O100: =STDEV($I$92:$I$121) -> 40.177709
A101: 100 | B101: 45026 | C101: 9522 | D101: =C101-C100 -> 4499 | E101: 419.2 | F101: =E101-E100 -> 193.8 | G101: 6.86 | H101: =G101-G100 -> 3.24 | I101: 90 | J101: =I101-I100 -> 39 | K101: Kurtosis | L101: =KURT($C$92:$C$121) -> 3.9622059 | M101: =KURT($E$92:$E$121) -> 4.0150263 | N101: =KURT($G$92:$G$121) -> 3.9581901 | O101: =KURT($I$92:$I$121) -> 6.6868313
A102: 101 | B102: 45027 | C102: 7404 | D102: =C102-C101 -> -2118 | E102: 322.7 | F102: =E102-E101 -> -96.5 | G102: 5.33 | H102: =G102-G101 -> -1.53 | I102: 68 | J102: =I102-I101 -> -22 | K102: Skewness | L102: =SKEW($C$92:$C$121) -> 1.3286805 | M102: =SKEW($E$92:$E$121) -> 1.3723007 | N102: =SKEW($G$92:$G$121) -> 1.3269998 | O102: =SKEW($I$92:$I$121) -> 2.2676486
A103: 102 | B103: 45028 | C103: 7143 | D103: =C103-C102 -> -261 | E103: 343.1 | F103: =E103-E102 -> 20.4 | G103: 5.14 | H103: =G103-G102 -> -0.19 | I103: 54 | J103: =I103-I102 -> -14 | K103: Range | L103: =MAX($C$92:$C$121)-MIN($C$92:$C$121) -> 19838 | M103: =MAX($E$92:$E$121)-MIN($E$92:$E$121) -> 896.9 | N103: =MAX($G$92:$G$121)-MIN($G$92:$G$121) -> 14.28 | O103: =MAX($I$92:$I$121)-MIN($I$92:$I$121) -> 209
A104: 103 | B104: 45029 | C104: 12103 | D104: =C104-C103 -> 4960 | E104: 519.1 | F104: =E104-E103 -> 176 | G104: 8.71 | H104: =G104-G103 -> 3.57 | I104: 104 | J104: =I104-I103 -> 50 | K104: Minimum | L104: =MIN($C$92:$C$121) -> 611 | M104: =MIN($E$92:$E$121) -> 28.6 | N104: =MIN($G$92:$G$121) -> 0.44 | O104: =MIN($I$92:$I$121) -> 7
A105: 104 | B105: 45030 | C105: 10290 | D105: =C105-C104 -> -1813 | E105: 451.6 | F105: =E105-E104 -> -67.5 | G105: 7.41 | H105: =G105-G104 -> -1.3 | I105: 88 | J105: =I105-I104 -> -16 | K105: Maximum | L105: =MAX($C$92:$C$121) -> 20449 | M105: =MAX($E$92:$E$121) -> 925.5 | N105: =MAX($G$92:$G$121) -> 14.72 | O105: =MAX($I$92:$I$121) -> 216
...

Sheet 2024
A1: Number | B1: Day | C1: Steps | D1: Difference | E1: Calories | F1: Difference of C | G1: Distance | H1: Difference of D | I1: Time | J1: Difference of time
A2: 1 | B2: 45292 | C2: 8510 | E2: 376.1 | G2: 5.96 | I2: 105 | L2: Steps | M2: Calories | N2: Distance | O2: Time
A3: 2 | B3: 45293 | C3: 18869 | D3: =C3-C2 -> 10359 | E3: 819.4 | F3: =E3-E2 -> 443.3 | G3: 13.21 | H3: =G3-G2 -> 7.25 | I3: 140 | J3: =I3-I2 -> 35 | K3: Mean | L3: =AVERAGE($C$1:$C$32) -> 9647.0968 | M3: =AVERAGE($E$1:$E$32) -> 426.91935 | N3: =AVERAGE($G$1:$G$32) -> 6.7529032 | O3: =AVERAGE($I$1:$I$32) -> 87.193548
A4: 3 | B4: 45294 | C4: 12201 | D4: =C4-C3 -> -6668 | E4: 580.8 | F4: =E4-E3 -> -238.6 | G4: 8.54 | H4: =G4-G3 -> -4.67 | I4: 89 | J4: =I4-I3 -> -51 | K4: Standard Error | L4: =SQRT(VAR($C$1:$C$32)/COUNT($C$1:$C$32)) -> 1028.3498 | M4: =SQRT(VAR($E$1:$E$32)/COUNT($E$1:$E$32)) -> 45.774968 | N4: =SQRT(VAR($G$1:$G$32)/COUNT($G$1:$G$32)) -> 0.71995493 | O4: =SQRT(VAR($I$1:$I$32)/COUNT($I$1:$I$32)) -> 8.0923991
A5: 4 | B5: 45295 | C5: 14829 | D5: =C5-C4 -> 2628 | E5: 735.7 | F5: =E5-E4 -> 154.9 | G5: 10.38 | H5: =G5-G4 -> 1.84 | I5: 94 | J5: =I5-I4 -> 5 | K5: Mode | L5: =MODE($C$1:$C$32) -> #VALUE! | M5: =MODE($E$1:$E$32) -> #VALUE! | N5: =MODE($G$1:$G$32) -> #VALUE! | O5: =MODE($I$1:$I$32) -> 35
A6: 5 | B6: 45296 | C6: 11969 | D6: =C6-C5 -> -2860 | E6: 512.6 | F6: =E6-E5 -> -223.1 | G6: 8.38 | H6: =G6-G5 -> -2 | I6: 101 | J6: =I6-I5 -> 7 | K6: Median | L6: =MEDIAN($C$1:$C$32) -> 9445 | M6: =MEDIAN($E$1:$E$32) -> 409.3 | N6: =MEDIAN($G$1:$G$32) -> 6.61 | O6: =MEDIAN($I$1:$I$32) -> 94
A7: 6 | B7: 45297 | C7: 13285 | D7: =C7-C6 -> 1316 | E7: 564.7 | F7: =E7-E6 -> 52.1 | G7: 9.3 | H7: =G7-G6 -> 0.92 | I7: 123 | J7: =I7-I6 -> 22 | K7: First Quartile | L7: =QUARTILE($C$1:$C$32, 1) -> 4079.5 | M7: =QUARTILE($E$1:$E$32, 1) -> 184.8 | N7: =QUARTILE($G$1:$G$32, 1) -> 2.855 | O7: =QUARTILE($I$1:$I$32, 1) -> 45
A8: 7 | B8: 45298 | C8: 12059 | D8: =C8-C7 -> -1226 | E8: 504.6 | F8: =E8-E7 -> -60.1 | G8: 8.44 | H8: =G8-G7 -> -0.86 | I8: 100 | J8: =I8-I7 -> -23 | K8: Third Quartile | L8: =QUARTILE($C$1:$C$32, 3) -> 13791 | M8: =QUARTILE($E$1:$E$32, 3) -> 601.65 | N8: =QUARTILE($G$1:$G$32, 3) -> 9.655 | O8: =QUARTILE($I$1:$I$32, 3) -> 120
A9: 8 | B9: 45299 | C9: 3248 | D9: =C9-C8 -> -8811 | E9: 149.1 | F9: =E9-E8 -> -355.5 | G9: 2.27 | H9: =G9-G8 -> -6.17 | I9: 36 | J9: =I9-I8 -> -64 | K9: Variance | L9: =VAR($C$1:$C$32) -> 32782601 | M9: =VAR($E$1:$E$32) -> 64955.778 | N9: =VAR($G$1:$G$32) -> 16.068388 | O9: =VAR($I$1:$I$32) -> 2030.0946
A10: 9 | B10: 45300 | C10: 3342 | D10: =C10-C9 -> 94 | E10: 143.1 | F10: =E10-E9 -> -6 | G10: 2.34 | H10: =G10-G9 -> 0.07 | I10: 32 | J10: =I10-I9 -> -4 | K10: Standard Deviation | L10: =STDEV($C$1:$C$32) -> 5725.6092 | M10: =STDEV($E$1:$E$32) -> 254.86423 | N10: =STDEV($G$1:$G$32) -> 4.0085394 | O10: =STDEV($I$1:$I$32) -> 45.056571
A11: 10 | B11: 45301 | C11: 21305 | D11: =C11-C10 -> 17963 | E11: 1007.3 | F11: =E11-E10 -> 864.2 | G11: 14.91 | H11: =G11-G10 -> 12.57 | I11: 149 | J11: =I11-I10 -> 117 | K11: Kurtosis | L11: =KURT($C$1:$C$32) -> -0.7446492 | M11: =KURT($E$1:$E$32) -> -0.48693993 | N11: =KURT($G$1:$G$32) -> -0.74527772 | O11: =KURT($I$1:$I$32) -> -0.89051057
A12: 11 | B12: 45302 | C12: 10723 | D12: =C12-C11 -> -10582 | E12: 472.4 | F12: =E12-E11 -> -534.9 | G12: 7.51 | H12: =G12-G11 -> -7.4 | I12: 74 | J12: =I12-I11 -> -75 | K12: Skewness | L12: =SKEW($C$1:$C$32) -> 0.27414845 | M12: =SKEW($E$1:$E$32) -> 0.39734696 | N12: =SKEW($G$1:$G$32) -> 0.27328721 | O12: =SKEW($I$1:$I$32) -> 0.064475461
A13: 12 | B13: 45303 | C13: 8210 | D13: =C13-C12 -> -2513 | E13: 345.8 | F13: =E13-E12 -> -126.6 | G13: 5.75 | H13: =G13-G12 -> -1.76 | I13: 70 | J13: =I13-I12 -> -4 | K13: Range | L13: =MAX($C$1:$C$32)-MIN($C$1:$C$32) -> 21073 | M13: =MAX($E$1:$E$32)-MIN($E$1:$E$32) -> 996.4 | N13: =MAX($G$1:$G$32)-MIN($G$1:$G$32) -> 14.75 | O13: =MAX($I$1:$I$32)-MIN($I$1:$I$32) -> 177
A14: 13 | B14: 45304 | C14: 3582 | D14: =C14-C13 -> -4628 | E14: 163.2 | F14: =E14-E13 -> -182.6 | G14: 2.51 | H14: =G14-G13 -> -3.24 | I14: 40 | J14: =I14-I13 -> -30 | K14: Minimum | L14: =MIN($C$1:$C$32) -> 232 | M14: =MIN($E$1:$E$32) -> 10.9 | N14: =MIN($G$1:$G$32) -> 0.16 | O14: =MIN($I$1:$I$32) -> 2
A15: 14 | B15: 45305 | C15: 20898 | D15: =C15-C14 -> 17316 | E15: 914.7 | F15: =E15-E14 -> 751.5 | G15: 14.63 | H15: =G15-G14 -> 12.12 | I15: 179 | J15: =I15-I14 -> 139 | K15: Maximum | L15: =MAX($C$1:$C$32) -> 21305 | M15: =MAX($E$1:$E$32) -> 1007.3 | N15: =MAX($G$1:$G$32) -> 14.91 | O15: =MAX($I$1:$I$32) -> 179
A16: 15 | B16: 45306 | C16: 15008 | D16: =C16-C15 -> -5890 | E16: 645.2 | F16: =E16-E15 -> -269.5 | G16: 10.51 | H16: =G16-G15 -> -4.12 | I16: 135 | J16: =I16-I15 -> -44 | K16: Sum | L16: =SUM($C$1:$C$32) -> 299060 | M16: =SUM($E$1:$E$32) -> 13234.5 | N16: =SUM($G$1:$G$32) -> 209.34 | O16: =SUM($I$1:$I$32) -> 2703
A17: 16 | B17: 45307 | C17: 12268 | D17: =C17-C16 -> -2740 | E17: 521.8 | F17: =E17-E16 -> -123.4 | G17: 8.59 | H17: =G17-G16 -> -1.92 | I17: 117 | J17: =I17-I16 -> -18 | K17: Count | L17: =COUNT($C$1:$C$32) -> 31 | M17: =COUNT($E$1:$E$32) -> 31 | N17: =COUNT($G$1:$G$32) -> 31 | O17: =COUNT($I$1:$I$32) -> 31
A18: 17 | B18: 45308 | C18: 15032 | D18: =C18-C17 -> 2764 | E18: 645.4 | F18: =E18-E17 -> 123.6 | G18: 10.52 | H18: =G18-G17 -> 1.93 | I18: 147 | J18: =I18-I17 -> 30
A19: 18 | B19: 45309 | C19: 9445 | D19: =C19-C18 -> -5587 | E19: 409.3 | F19: =E19-E18 -> -236.1 | G19: 6.61 | H19: =G19-G18 -> -3.91 | I19: 94 | J19: =I19-I18 -> -53
A20: 19 | B20: 45310 | C20: 7205 | D20: =C20-C19 -> -2240 | E20: 321.5 | F20: =E20-E19 -> -87.8 | G20: 5.04 | H20: =G20-G19 -> -1.57 | I20: 77 | J20: =I20-I19 -> -17
A21: 20 | B21: 45311 | C21: 232 | D21: =C21-C20 -> -6973 | E21: 10.9 | F21: =E21-E20 -> -310.6 | G21: 0.16 | H21: =G21-G20 -> -4.88 | I21: 2 | J21: =I21-I20 -> -75
A22: 21 | B22: 45312 | C22: 2021 | D22: =C22-C21 -> 1789 | E22: 94.7 | F22: =E22-E21 -> 83.8 | G22: 1.41 | H22: =G22-G21 -> 1.25 | I22: 24 | J22: =I22-I21 -> 22
A23: 22 | B23: 45313 | C23: 6086 | D23: =C23-C22 -> 4065 | E23: 275.7 | F23: =E23-E22 -> 181 | G23: 4.26 | H23: =G23-G22 -> 2.85 | I23: 67 | J23: =I23-I22 -> 43
A24: 23 | B24: 45314 | C24: 2921 | D24: =C24-C23 -> -3165 | E24: 138.8 | F24: =E24-E23 -> -136.9 | G24: 2.04 | H24: =G24-G23 -> -2.22 | I24: 35 | J24: =I24-I23 -> -32
A25: 24 | B25: 45315 | C25: 4838 | D25: =C25-C24 -> 1917 | E25: 221.7 | F25: =E25-E24 -> 82.9 | G25: 3.39 | H25: =G25-G24 -> 1.35 | I25: 55 | J25: =I25-I24 -> 20
A26: 25 | B26: 45316 | C26: 4118 | D26: =C26-C25 -> -720 | E26: 188.4 | F26: =E26-E25 -> -33.3 | G26: 2.88 | H26: =G26-G25 -> -0.51 | I26: 46 | J26: =I26-I25 -> -9
A27: 26 | B27: 45317 | C27: 2947 | D27: =C27-C26 -> -1171 | E27: 139 | F27: =E27-E26 -> -49.4 | G27: 2.06 | H27: =G27-G26 -> -0.82 | I27: 35 | J27: =I27-I26 -> -11
A28: 27 | B28: 45318 | C28: 14297 | D28: =C28-C27 -> 11350 | E28: 623.8 | F28: =E28-E27 -> 484.8 | G28: 10.01 | H28: =G28-G27 -> 7.95 | I28: 146 | J28: =I28-I27 -> 111
A29: 28 | B29: 45319 | C29: 4041 | D29: =C29-C28 -> -10256 | E29: 181.2 | F29: =E29-E28 -> -442.6 | G29: 2.83 | H29: =G29-G28 -> -7.18 | I29: 44 | J29: =I29-I28 -> -102
... A32: 31 | B32: 45322 | C32: 11770 | D32: =C32-C31 -> -2822 | E32: 498.5 | F32: =E32-E31 -> -124 | G32: 8.24 | H32: =G32-G31 -> -1.97 | I32: 111 | J32: =I32-I31 -> -29
A33: 32 | B33: 45323 | C33: 10201 | D33: =C33-C32 -> -1569 | E33: 448.1 | F33: =E33-E32 -> -50.4 | G33: 7.14 | H33: =G33-G32 -> -1.1 | I33: 106 | J33: =I33-I32 -> -5 | L33: Steps | M33: Calories | N33: Distance | O33: Time
A34: 33 | B34: 45324 | C34: 3121 | D34: =C34-C33 -> -7080 | E34: 142.9 | F34: =E34-E33 -> -305.2 | G34: 2.18 | H34: =G34-G33 -> -4.96 | I34: 35 | J34: =I34-I33 -> -71 | K34: Mean | L34: =AVERAGE($C$33:$C$61) -> 11499.655 | M34: =AVERAGE($E$33:$E$61) -> 497.79655 | N34: =AVERAGE($G$33:$G$61) -> 8.0486207 | O34: =AVERAGE($I$33:$I$61) -> 113.65517
A35: 34 | B35: 45325 | C35: 13359 | D35: =C35-C34 -> 10238 | E35: 571.2 | F35: =E35-E34 -> 428.3 | G35: 9.35 | H35: =G35-G34 -> 7.17 | I35: 128 | J35: =I35-I34 -> 93 | K35: Standard Error | L35: =SQRT(VAR($C$33:$C$61)/COUNT($C$33:$C$61)) -> 1122.7931 | M35: =SQRT(VAR($E$33:$E$61)/COUNT($E$33:$E$61)) -> 48.216 | N35: =SQRT(VAR($G$33:$G$61)/COUNT($G$33:$G$61)) -> 0.78602459 | O35: =SQRT(VAR($I$33:$I$61)/COUNT($I$33:$I$61)) -> 10.985355
A36: 35 | B36: 45326 | C36: 14848 | D36: =C36-C35 -> 1489 | E36: 639.1 | F36: =E36-E35 -> 67.9 | G36: 10.39 | H36: =G36-G35 -> 1.04 | I36: 145 | J36: =I36-I35 -> 17 | K36: Mode | L36: =MODE($C$33:$C$61) -> #VALUE! | M36: =MODE($E$33:$E$61) -> #VALUE! | N36: =MODE($G$33:$G$61) -> #VALUE! | O36: =MODE($I$33:$I$61) -> 53
A37: 36 | B37: 45327 | C37: 8749 | D37: =C37-C36 -> -6099 | E37: 388.2 | F37: =E37-E36 -> -250.9 | G37: 6.12 | H37: =G37-G36 -> -4.27 | I37: 92 | J37: =I37-I36 -> -53 | K37: Median | L37: =MEDIAN($C$33:$C$61) -> 10763 | M37: =MEDIAN($E$33:$E$61) -> 490.5 | N37: =MEDIAN($G$33:$G$61) -> 7.53 | O37: =MEDIAN($I$33:$I$61) -> 108
A38: 37 | B38: 45328 | C38: 11444 | D38: =C38-C37 -> 2695 | E38: 490.5 | F38: =E38-E37 -> 102.3 | G38: 8.01 | H38: =G38-G37 -> 1.89 | I38: 111 | J38: =I38-I37 -> 19 | K38: First Quartile | L38: =QUARTILE($C$33:$C$61, 1) -> 6541 | M38: =QUARTILE($E$33:$E$61, 1) -> 283.4 | N38: =QUARTILE($G$33:$G$61, 1) -> 4.58 | O38: =QUARTILE($I$33:$I$61, 1) -> 65
A39: 38 | B39: 45329 | C39: 19327 | D39: =C39-C38 -> 7883 | E39: 822 | F39: =E39-E38 -> 331.5 | G39: 13.53 | H39: =G39-G38 -> 5.52 | I39: 184 | J39: =I39-I38 -> 73 | K39: Third Quartile | L39: =QUARTILE($C$33:$C$61, 3) -> 14848 | M39: =QUARTILE($E$33:$E$61, 3) -> 631 | N39: =QUARTILE($G$33:$G$61, 3) -> 10.39 | O39: =QUARTILE($I$33:$I$61, 3) -> 140
A40: 39 | B40: 45330 | C40: 16297 | D40: =C40-C39 -> -3030 | E40: 704.3 | F40: =E40-E39 -> -117.7 | G40: 11.41 | H40: =G40-G39 -> -2.12 | I40: 160 | J40: =I40-I39 -> -24 | K40: Variance | L40: =VAR($C$33:$C$61) -> 36559269 | M40: =VAR($E$33:$E$61) -> 67418.697 | N40: =VAR($G$33:$G$61) -> 17.917205 | O40: =VAR($I$33:$I$61) -> 3499.6626
A41: 40 | B41: 45331 | C41: 3956 | D41: =C41-C40 -> -12341 | E41: 186.7 | F41: =E41-E40 -> -517.6 | G41: 2.77 | H41: =G41-G40 -> -8.64 | I41: 47 | J41: =I41-I40 -> -113 | K41: Standard Deviation | L41: =STDEV($C$33:$C$61) -> 6046.4262 | M41: =STDEV($E$33:$E$61) -> 259.65111 | N41: =STDEV($G$33:$G$61) -> 4.232872 | O41: =STDEV($I$33:$I$61) -> 59.157946
